Workbook

Sheet 01-07-26
A1: SRI MK PAPER MILLS PVT. LTD.
A3: CHEMICAL CONSUMPTION / BALANCE & COSTING PER DAY & TODATE
A4: PRODUCTION ( MT ) | E4: 170 | F4: 170 | G4: 170.000(AVG) | H4: DATE : 01 - 07 - 2026
A5: PRODUCTION (MT) | C5: GOLDEN YELLOW | E5: 0 | F5: 0 | G5: 000.000(AVG)
A6: SR. | B6: CHEMICAL | C6: OPENING | D6: RECEIVED MATERIAL | F6: CONSUMED MATERIAL | H6: TODAY | I6: CHEMICAL | J6: TO DATE | K6: RATE | L6: TOTAL CONSUMED AMOUNT | N6: COSTING
A7: NO. | B7: NAME | C7: STOCK | D7: TO DAY | E7: TO DATE | F7: TO DAY | G7: TO DATE | H7: CONSUMPTION | I7: BALANCE | J7: CONSUMPTION | K7: RS.@ | L7: TODAY | M7: TO DATE | N7: TODAY | O7: TO DATE
C8: (Kgs.) | D8: (Kgs.) | E8: (Kgs.) | F8: (Kgs.) | G8: (Kgs.) | H8: (Kgs.)/MTP | I8: (Kgs.) | J8: (Kgs.)/MTP | K8: MT | L8: Rs. | M8: Rs. | N8: Rs./MTP | O8: Rs./MTP
A9: 1 | B9: STARCH | C9: 13400 | F9: 3900 | G9: 3900 | H9: =F9/E4 -> 22.941176 | I9: =(C9-F9)+D9 -> 9500 | J9: =G9/F4 -> 22.941176 | K9: 28500 | L9: =(F9/1000)*K9 -> 111150 | M9: =(G9/1000)*K9 -> 111150 | N9: =L9/E4 -> 653.82353 | O9: =M9/F4 -> 653.82353
A10: 2 | B10: PAC ( SOLID) | C10: 9000 | F10: 222 | G10: 222 | H10: =F10/E4 -> 1.3058824 | I10: =(C10-F10)+D10 -> 8778 | J10: =G10/F4 -> 1.3058824 | K10: 35500 | L10: =(F10/1000)*K10 -> 7881 | M10: =(G10/1000)*K10 -> 7881 | N10: =L10/E4 -> 46.358824 | O10: =M10/F4 -> 46.358824
A11: 3 | B11: SURFACE SIZE (700C) | C11: 6820 | F11: 77 | G11: 77 | H11: =F11/E4 -> 0.45294118 | I11: =(C11-F11)+D11 -> 6743 | J11: =G11/F4 -> 0.45294118 | K11: 98000 | L11: =(F11/1000)*K11 -> 7546 | M11: =(G11/1000)*K11 -> 7546 | N11: =L11/E4 -> 44.388235 | O11: =M11/F4 -> 44.388235
A12: 4 | B12: ENZYME (L) | C12: 21 | F12: 0.08 | G12: 0.08 | H12: =F12/E4 -> 0.00047058824 | I12: =(C12-F12)+D12 -> 20.92 | J12: =G12/F4 -> 0.00047058824 | K12: 750000 | L12: =(F12/1000)*K12 -> 60 | M12: =(G12/1000)*K12 -> 60 | N12: =L12/E4 -> 0.35294118 | O12: =M12/F4 -> 0.35294118
A13: 5 | B13: RETENTION AID (2024) | C13: 500 | F13: 21 | G13: 21 | H13: =F13/E4 -> 0.12352941 | I13: =(C13-F13)+D13 -> 479 | J13: =G13/F4 -> 0.12352941 | K13: 350000 | L13: =(F13/1000)*K13 -> 7350 | M13: =(G13/1000)*K13 -> 7350 | N13: =L13/E4 -> 43.235294 | O13: =M13/F4 -> 43.235294
A14: 6 | B14: DEFOAMER (SE 100) | C14: 2400 | F14: 80 | G14: 80 | H14: =F14/E4 -> 0.47058824 | I14: =(C14-F14)+D14 -> 2320 | J14: =G14/F4 -> 0.47058824 | K14: 204500 | L14: =(F14/1000)*K14 -> 16360 | M14: =(G14/1000)*K14 -> 16360 | N14: =L14/E4 -> 96.235294 | O14: =M14/F4 -> 96.235294
A15: 7 | B15: COAGULANT (CL 200) | C15: 1750 | F15: 54 | G15: 54 | H15: =F15/E4 -> 0.31764706 | I15: =(C15-F15)+D15 -> 1696 | J15: =G15/F4 -> 0.31764706 | K15: 129500 | L15: =(F15/1000)*K15 -> 6993 | M15: =(G15/1000)*K15 -> 6993 | N15: =L15/E4 -> 41.135294 | O15: =M15/F4 -> 41.135294
A16: 8 | B16: KROFTA (303) | C16: 985 | F16: 20 | G16: 20 | H16: =F16/E4 -> 0.11764706 | I16: =(C16-F16)+D16 -> 965 | J16: =G16/F4 -> 0.11764706 | K16: 219500 | L16: =(F16/1000)*K16 -> 4390 | M16: =(G16/1000)*K16 -> 4390 | N16: =L16/E4 -> 25.823529 | O16: =M16/F4 -> 25.823529
A17: 9 | B17: BELT PRESS (SUCHEM - 638 ) | C17: 21 | F17: 0 | G17: 0 | H17: =F17/E4 -> 0 | I17: =(C17-F17)+D17 -> 21 | J17: =G17/F4 -> 0 | K17: 348200 | L17: =(F17/1000)*K17 -> 0 | M17: =(G17/1000)*K17 -> 0 | N17: =L17/E4 -> 0 | O17: =M17/F4 -> 0
A18: 10 | B18: GOLDEN YELLOW DYE | C18: 3950 | F18: 0 | G18: 0 | H18: =F18/E4 -> 0 | I18: =(C18-F18)+D18 -> 3950 | J18: =G18/F4 -> 0 | K18: 172000 | L18: =(F18/1000)*K18 -> 0 | M18: =(G18/1000)*K18 -> 0 | N18: =L18/E4 -> 0 | O18: =M18/F4 -> 0
A19: 11 | B19: SE-BOND 102 (CRACKING AGENT) | C19: 48 | F19: 0 | G19: 0 | H19: =F19/E4 -> 0 | I19: =(C19-F19)+D19 -> 48 | J19: =G19/F4 -> 0 | K19: 200000 | L19: =(F19/1000)*K19 -> 0 | M19: =(G19/1000)*K19 -> 0 | N19: =L19/E4 -> 0 | O19: =M19/F4 -> 0
A20: 12 | B20: PROMASK 192 | C20: 163.2 | F20: 6.9 | G20: 6.9 | H20: =F20/E4 -> 0.040588235 | I20: =(C20-F20)+D20 -> 156.3 | J20: =G20/F4 -> 0.040588235 | K20: 377600 | L20: =(F20/1000)*K20 -> 2605.44 | M20: =(G20/1000)*K20 -> 2605.44 | N20: =L20/E4 -> 15.326118 | O20: =M20/F4 -> 15.326118
A21: 13 | B21: PROSOLVE 126 | C21: 134.5 | F21: 4.1 | G21: 4.1 | H21: =F21/E4 -> 0.024117647 | I21: =(C21-F21)+D21 -> 130.4 | J21: =G21/F4 -> 0.024117647 | K21: 271400 | L21: =(F21/1000)*K21 -> 1112.74 | M21: =(G21/1000)*K21 -> 1112.74 | N21: =L21/E4 -> 6.5455294 | O21: =M21/F4 -> 6.5455294
A22: 14 | B22: PROSOLVE ADV. | C22: 1939.2 | F22: 59.3 | G22: 59.3 | H22: =F22/E4 -> 0.34882353 | I22: =(C22-F22)+D22 -> 1879.9 | J22: =G22/F4 -> 0.34882353 | K22: 271400 | L22: =(F22/1000)*K22 -> 16094.02 | M22: =(G22/1000)*K22 -> 16094.02 | N22: =L22/E4 -> 94.670706 | O22: =M22/F4 -> 94.670706
A23: 15 | B23: BLEACHING POWDER (S) | C23: 100 | F23: 0 | G23: 0 | H23: =F23/E4 -> 0 | I23: =(C23-F23)+D23 -> 100 | J23: =G23/F4 -> 0 | K23: 41000 | L23: =(F23/1000)*K23 -> 0 | M23: =(G23/1000)*K23 -> 0 | N23: =L23/E4 -> 0 | O23: =M23/F4 -> 0
A24: 16 | B24: SODIUM HYPO CHLORIDE [HYPO] | C24: 385.6 | F24: 6 | G24: 6 | H24: =F24/E4 -> 0.035294118 | I24: =(C24-F24)+D24 -> 379.6 | J24: =G24/F4 -> 0.035294118 | K24: 24000 | L24: =(F24/1000)*K24 -> 144 | M24: =(G24/1000)*K24 -> 144 | N24: =L24/E4 -> 0.84705882 | O24: =M24/F4 -> 0.84705882
A25: 17 | B25: HCL [PULP MILL] | C25: 380 | F25: 0 | G25: 0 | H25: =F25/E4 -> 0 | I25: =(C25-F25)+D25 -> 380 | J25: =G25/F4 -> 0 | K25: 13210 | L25: =(F25/1000)*K25 -> 0 | M25: =(G25/1000)*K25 -> 0 | N25: =L25/E4 -> 0 | O25: =M25/F4 -> 0
A26: 18 | B26: HCL [BOILER] | C26: 245 | F26: 10 | G26: 10 | H26: =F26/E4 -> 0.058823529 | I26: =(C26-F26)+D26 -> 235 | J26: =G26/F4 -> 0.058823529 | K26: 14400 | L26: =(F26/1000)*K26 -> 144 | M26: =(G26/1000)*K26 -> 144 | N26: =L26/E4 -> 0.84705882 | O26: =M26/F4 -> 0.84705882
A27: 19 | B27: pH BOOSTER [3230] (L) | C27: 205 | F27: 4 | G27: 4 | H27: =F27/E4 -> 0.023529412 | I27: =(C27-F27)+D27 -> 201 | J27: =G27/F4 -> 0.023529412 | K27: 102000 | L27: =(F27/1000)*K27 -> 408 | M27: =(G27/1000)*K27 -> 408 | N27: =L27/E4 -> 2.4 | O27: =M27/F4 -> 2.4
A28: 20 | B28: ANTI SCALEN [3220] (L) | C28: 180 | F28: 5 | G28: 5 | H28: =F28/E4 -> 0.029411765 | I28: =(C28-F28)+D28 -> 175 | J28: =G28/F4 -> 0.029411765 | K28: 107000 | L28: =(F28/1000)*K28 -> 535 | M28: =(G28/1000)*K28 -> 535 | N28: =L28/E4 -> 3.1470588 | O28: =M28/F4 -> 3.1470588
A29: 21 | B29: OXYGEN SCAVANGER [3210] (L) | C29: 169 | F29: 3 | G29: 3 | H29: =F29/E4 -> 0.017647059 | I29: =(C29-F29)+D29 -> 166 | J29: =G29/F4 -> 0.017647059 | K29: 100000 | L29: =(F29/1000)*K29 -> 300 | M29: =(G29/1000)*K29 -> 300 | N29: =L29/E4 -> 1.7647059 | O29: =M29/F4 -> 1.7647059
A30: 22 | B30: RO ANTI SCALEN [3291 (L) | C30: 64 | F30: 1 | G30: 1 | H30: =F30/E4 -> 0.0058823529 | I30: =(C30-F30)+D30 -> 63 | J30: =G30/F4 -> 0.0058823529 | K30: 255000 | L30: =(F30/1000)*K30 -> 255 | M30: =(G30/1000)*K30 -> 255 | N30: =L30/E4 -> 1.5 | O30: =M30/F4 -> 1.5
A31: 23 | B31: CAUSTIC SODA FLAKES | C31: 480 | F31: 0 | G31: 0 | H31: =F31/E4 -> 0 | I31: =(C31-F31)+D31 -> 480 | J31: =G31/F4 -> 0 | K31: 56000 | L31: =(F31/1000)*K31 -> 0 | M31: =(G31/1000)*K31 -> 0 | N31: =M30/F4 -> 1.5 | O31: =M31/F4 -> 0
A32: 24 | B32: DESCALING [3250] (L) | C32: 0 | F32: 0 | G32: 0 | H32: =F32/E4 -> 0 | I32: =(C32-F32)+D32 -> 0 | J32: =G32/F4 -> 0 | K32: 90000 | L32: =(F32/1000)*K32 -> 0 | M32: =(G32/1000)*K32 -> 0 | N32: =M31/F4 -> 0 | O32: =M32/F4 -> 0
A33: S.NO. | B33: QUALITY WISE PRODUCTION | C33: NO. OF SET | D33: PM/C PRODUCTION (MT) | M33: TOTAL | N33: =SUM(N9,N10,N11,N12,N13,N14,N15,N16,N17,N18,N19,N20,N21,N22,N23,N24,N25,N26,N27,N28,N29,N30,N31,N32) -> 1079.9012 | O33: =SUM(O9,O10,O11,O12,O13,O14,O15,O16,O17,O18,O19,O20,O21,O22,O23,O24,O25,O26,O27,O28,O29,N31,N32,O32) -> 1078.4012
A34: 1 | B34: 140 GSM/18 BF (NATURAL) | C34: 33 | F34: 57 | N34: COSTING | O34: COSTING
A35: 2 | B35: 150 GSM/18 BF (NATURAL) | C35: 65 | F35: 113 | N35: TODAY | O35: TO DATE
A36: 3 | N36: Rs./Kg. | O36: Rs./Kg.
A37: 4 | M37: TOTAL | N37: =N33/1000 -> 1.0799012 | O37: =O33/1000 -> 1.0784012
A38: 5
A39: 6
A40: 7
A41: 4 | B41: TOTAL | C41: =SUM(C34,C35,C36,C37,C38,C39,C40) -> 98 | D41: =SUM(F34,F35,F36,F37,F38,F39,F40) -> 170

Sheet 02-07-26
A1: SRI MK PAPER MILLS PVT. LTD.
A3: CHEMICAL CONSUMPTION / BALANCE & COSTING PER DAY & TODATE
A4: PRODUCTION ( MT ) | E4: 149 | F4: 319 | G4: 159.000(AVG) | H4: DATE : 02 - 07 - 2026
A5: PRODUCTION (MT) | C5: GOLDEN YELLOW | E5: 0 | F5: 0 | G5: 000.000(AVG)
A6: SR. | B6: CHEMICAL | C6: OPENING | D6: RECEIVED MATERIAL | F6: CONSUMED MATERIAL | H6: TODAY | I6: CHEMICAL | J6: TO DATE | K6: RATE | L6: TOTAL CONSUMED AMOUNT | N6: COSTING
A7: NO. | B7: NAME | C7: STOCK | D7: TO DAY | E7: TO DATE | F7: TO DAY | G7: TO DATE | H7: CONSUMPTION | I7: BALANCE | J7: CONSUMPTION | K7: RS.@ | L7: TODAY | M7: TO DATE | N7: TODAY | O7: TO DATE
C8: (Kgs.) | D8: (Kgs.) | E8: (Kgs.) | F8: (Kgs.) | G8: (Kgs.) | H8: (Kgs.)/MTP | I8: (Kgs.) | J8: (Kgs.)/MTP | K8: MT | L8: Rs. | M8: Rs. | N8: Rs./MTP | O8: Rs./MTP
A9: 1 | B9: STARCH | C9: 9500 | D9: 13000 | E9: 13000 | F9: 3950 | G9: ='01-07-26'!F9+'02-07-26'!F9 -> 7850 | H9: =F9/E4 -> 26.510067 | I9: =(C9-F9)+D9 -> 18550 | J9: =G9/F4 -> 24.60815 | K9: 28500 | L9: =(F9/1000)*K9 -> 112575 | M9: =(G9/1000)*K9 -> 223725 | N9: =L9/E4 -> 755.53691 | O9: =M9/F4 -> 701.33229
A10: 2 | B10: PAC ( SOLID) | C10: 8778 | F10: 190 | G10: ='01-07-26'!F10+'02-07-26'!F10 -> 412 | H10: =F10/E4 -> 1.2751678 | I10: =(C10-F10)+D10 -> 8588 | J10: =G10/F4 -> 1.2915361 | K10: 35500 | L10: =(F10/1000)*K10 -> 6745 | M10: =(G10/1000)*K10 -> 14626 | N10: =L10/E4 -> 45.268456 | O10: =M10/F4 -> 45.84953
A11: 3 | B11: SURFACE SIZE (700C) | C11: 6743 | F11: 60 | G11: ='01-07-26'!F11+'02-07-26'!F11 -> 137 | H11: =F11/E4 -> 0.40268456 | I11: =(C11-F11)+D11 -> 6683 | J11: =G11/F4 -> 0.42946708 | K11: 98000 | L11: =(F11/1000)*K11 -> 5880 | M11: =(G11/1000)*K11 -> 13426 | N11: =L11/E4 -> 39.463087 | O11: =M11/F4 -> 42.087774
A12: 4 | B12: ENZYME (L) | C12: 20.92 | F12: 0.08 | G12: ='01-07-26'!F12+'02-07-26'!F12 -> 0.16 | H12: =F12/E4 -> 0.00053691275 | I12: =(C12-F12)+D12 -> 20.84 | J12: =G12/F4 -> 0.0005015674 | K12: 750000 | L12: =(F12/1000)*K12 -> 60 | M12: =(G12/1000)*K12 -> 120 | N12: =L12/E4 -> 0.40268456 | O12: =M12/F4 -> 0.37617555
A13: 5 | B13: RETENTION AID (2024) | C13: 479 | F13: 22 | G13: ='01-07-26'!F13+'02-07-26'!F13 -> 43 | H13: =F13/E4 -> 0.14765101 | I13: =(C13-F13)+D13 -> 457 | J13: =G13/F4 -> 0.13479624 | K13: 350000 | L13: =(F13/1000)*K13 -> 7700 | M13: =(G13/1000)*K13 -> 15050 | N13: =L13/E4 -> 51.677852 | O13: =M13/F4 -> 47.178683
A14: 6 | B14: DEFOAMER (SE 100) | C14: 2320 | F14: 60 | G14: ='01-07-26'!F14+'02-07-26'!F14 -> 140 | H14: =F14/E4 -> 0.40268456 | I14: =(C14-F14)+D14 -> 2260 | J14: =G14/F4 -> 0.43887147 | K14: 204500 | L14: =(F14/1000)*K14 -> 12270 | M14: =(G14/1000)*K14 -> 28630 | N14: =L14/E4 -> 82.348993 | O14: =M14/F4 -> 89.749216
A15: 7 | B15: COAGULANT (CL 200) | C15: 1696 | F15: 54 | G15: ='01-07-26'!F15+'02-07-26'!F15 -> 108 | H15: =F15/E4 -> 0.36241611 | I15: =(C15-F15)+D15 -> 1642 | J15: =G15/F4 -> 0.33855799 | K15: 129500 | L15: =(F15/1000)*K15 -> 6993 | M15: =(G15/1000)*K15 -> 13986 | N15: =L15/E4 -> 46.932886 | O15: =M15/F4 -> 43.84326
A16: 8 | B16: KROFTA (303) | C16: 965 | F16: 15 | G16: ='01-07-26'!F16+'02-07-26'!F16 -> 35 | H16: =F16/E4 -> 0.10067114 | I16: =(C16-F16)+D16 -> 950 | J16: =G16/F4 -> 0.10971787 | K16: 219500 | L16: =(F16/1000)*K16 -> 3292.5 | M16: =(G16/1000)*K16 -> 7682.5 | N16: =L16/E4 -> 22.097315 | O16: =M16/F4 -> 24.083072
A17: 9 | B17: BELT PRESS (SUCHEM - 638 ) | C17: 21 | F17: 0 | G17: ='01-07-26'!F17+'02-07-26'!F17 -> 0 | H17: =F17/E4 -> 0 | I17: =(C17-F17)+D17 -> 21 | J17: =G17/F4 -> 0 | K17: 348200 | L17: =(F17/1000)*K17 -> 0 | M17: =(G17/1000)*K17 -> 0 | N17: =L17/E4 -> 0 | O17: =M17/F4 -> 0
A18: 10 | B18: GOLDEN YELLOW DYE | C18: 3950 | F18: 0 | G18: ='01-07-26'!F18+'02-07-26'!F18 -> 0 | H18: =F18/E4 -> 0 | I18: =(C18-F18)+D18 -> 3950 | J18: =G18/F4 -> 0 | K18: 172000 | L18: =(F18/1000)*K18 -> 0 | M18: =(G18/1000)*K18 -> 0 | N18: =L18/E4 -> 0 | O18: =M18/F4 -> 0
A19: 11 | B19: SE-BOND 102 (CRACKING AGENT) | C19: 48 | F19: 0 | G19: ='01-07-26'!F19+'02-07-26'!F19 -> 0 | H19: =F19/E4 -> 0 | I19: =(C19-F19)+D19 -> 48 | J19: =G19/F4 -> 0 | K19: 200000 | L19: =(F19/1000)*K19 -> 0 | M19: =(G19/1000)*K19 -> 0 | N19: =L19/E4 -> 0 | O19: =M19/F4 -> 0
A20: 12 | B20: PROMASK 192 | C20: 156.3 | F20: 5.5 | G20: ='01-07-26'!F20+'02-07-26'!F20 -> 12.4 | H20: =F20/E4 -> 0.036912752 | I20: =(C20-F20)+D20 -> 150.8 | J20: =G20/F4 -> 0.038871473 | K20: 377600 | L20: =(F20/1000)*K20 -> 2076.8 | M20: =(G20/1000)*K20 -> 4682.24 | N20: =L20/E4 -> 13.938255 | O20: =M20/F4 -> 14.677868
A21: 13 | B21: PROSOLVE 126 | C21: 130.4 | F21: 3.3 | G21: ='01-07-26'!F21+'02-07-26'!F21 -> 7.4 | H21: =F21/E4 -> 0.022147651 | I21: =(C21-F21)+D21 -> 127.1 | J21: =G21/F4 -> 0.023197492 | K21: 271400 | L21: =(F21/1000)*K21 -> 895.62 | M21: =(G21/1000)*K21 -> 2008.36 | N21: =L21/E4 -> 6.0108725 | O21: =M21/F4 -> 6.2957994
A22: 14 | B22: PROSOLVE ADV. | C22: 1879.9 | F22: 47.4 | G22: ='01-07-26'!F22+'02-07-26'!F22 -> 106.7 | H22: =F22/E4 -> 0.31812081 | I22: =(C22-F22)+D22 -> 1832.5 | J22: =G22/F4 -> 0.33448276 | K22: 271400 | L22: =(F22/1000)*K22 -> 12864.36 | M22: =(G22/1000)*K22 -> 28958.38 | N22: =L22/E4 -> 86.337987 | O22: =M22/F4 -> 90.778621
A23: 15 | B23: BLEACHING POWDER (S) | C23: 100 | F23: 0 | G23: ='01-07-26'!F23+'02-07-26'!F23 -> 0 | H23: =F23/E4 -> 0 | I23: =(C23-F23)+D23 -> 100 | J23: =G23/F4 -> 0 | K23: 41000 | L23: =(F23/1000)*K23 -> 0 | M23: =(G23/1000)*K23 -> 0 | N23: =L23/E4 -> 0 | O23: =M23/F4 -> 0
A24: 16 | B24: SODIUM HYPO CHLORIDE [HYPO] | C24: 379.6 | F24: 6 | G24: ='01-07-26'!F24+'02-07-26'!F24 -> 12 | H24: =F24/E4 -> 0.040268456 | I24: =(C24-F24)+D24 -> 373.6 | J24: =G24/F4 -> 0.037617555 | K24: 24000 | L24: =(F24/1000)*K24 -> 144 | M24: =(G24/1000)*K24 -> 288 | N24: =L24/E4 -> 0.96644295 | O24: =M24/F4 -> 0.90282132
A25: 17 | B25: HCL [PULP MILL] | C25: 380 | F25: 0 | G25: ='01-07-26'!F25+'02-07-26'!F25 -> 0 | H25: =F25/E4 -> 0 | I25: =(C25-F25)+D25 -> 380 | J25: =G25/F4 -> 0 | K25: 13210 | L25: =(F25/1000)*K25 -> 0 | M25: =(G25/1000)*K25 -> 0 | N25: =L25/E4 -> 0 | O25: =M25/F4 -> 0
A26: 18 | B26: HCL [BOILER] | C26: 235 | F26: 10 | G26: ='01-07-26'!F26+'02-07-26'!F26 -> 20 | H26: =F26/E4 -> 0.067114094 | I26: =(C26-F26)+D26 -> 225 | J26: =G26/F4 -> 0.062695925 | K26: 14400 | L26: =(F26/1000)*K26 -> 144 | M26: =(G26/1000)*K26 -> 288 | N26: =L26/E4 -> 0.96644295 | O26: =M26/F4 -> 0.90282132
A27: 19 | B27: pH BOOSTER [3230] (L) | C27: 201 | F27: 3.5 | G27: ='01-07-26'!F27+'02-07-26'!F27 -> 7.5 | H27: =F27/E4 -> 0.023489933 | I27: =(C27-F27)+D27 -> 197.5 | J27: =G27/F4 -> 0.023510972 | K27: 102000 | L27: =(F27/1000)*K27 -> 357 | M27: =(G27/1000)*K27 -> 765 | N27: =L27/E4 -> 2.3959732 | O27: =M27/F4 -> 2.3981191
A28: 20 | B28: ANTI SCALEN [3220] (L) | C28: 175 | F28: 5 | G28: ='01-07-26'!F28+'02-07-26'!F28 -> 10 | H28: =F28/E4 -> 0.033557047 | I28: =(C28-F28)+D28 -> 170 | J28: =G28/F4 -> 0.031347962 | K28: 107000 | L28: =(F28/1000)*K28 -> 535 | M28: =(G28/1000)*K28 -> 1070 | N28: =L28/E4 -> 3.590604 | O28: =M28/F4 -> 3.354232
A29: 21 | B29: OXYGEN SCAVANGER [3210] (L) | C29: 166 | F29: 3 | G29: ='01-07-26'!F29+'02-07-26'!F29 -> 6 | H29: =F29/E4 -> 0.020134228 | I29: =(C29-F29)+D29 -> 163 | J29: =G29/F4 -> 0.018808777 | K29: 100000 | L29: =(F29/1000)*K29 -> 300 | M29: =(G29/1000)*K29 -> 600 | N29: =L29/E4 -> 2.0134228 | O29: =M29/F4 -> 1.8808777
A30: 22 | B30: RO ANTI SCALEN [3291 (L) | C30: 63 | F30: 1 | G30: ='01-07-26'!F30+'02-07-26'!F30 -> 2 | H30: =F30/E4 -> 0.0067114094 | I30: =(C30-F30)+D30 -> 62 | J30: =G30/F4 -> 0.0062695925 | K30: 255000 | L30: =(F30/1000)*K30 -> 255 | M30: =(G30/1000)*K30 -> 510 | N30: =L30/E4 -> 1.7114094 | O30: =M30/F4 -> 1.5987461
A31: 23 | B31: CAUSTIC SODA FLAKES | C31: 480 | F31: 0 | G31: ='01-07-26'!F31+'02-07-26'!F31 -> 0 | H31: =F31/E4 -> 0 | I31: =(C31-F31)+D31 -> 480 | J31: =G31/F4 -> 0 | K31: 56000 | L31: =(F31/1000)*K31 -> 0 | M31: =(G31/1000)*K31 -> 0 | N31: =M30/F4 -> 1.5987461 | O31: =M31/F4 -> 0
A32: 24 | B32: DESCALING [3250] (L) | C32: 0 | F32: 0 | G32: ='01-07-26'!F32+'02-07-26'!F32 -> 0 | H32: =F32/E4 -> 0 | I32: =(C32-F32)+D32 -> 0 | J32: =G32/F4 -> 0 | K32: 90000 | L32: =(F32/1000)*K32 -> 0 | M32: =(G32/1000)*K32 -> 0 | N32: =M31/F4 -> 0 | O32: =M32/F4 -> 0
A33: S.NO. | B33: QUALITY WISE PRODUCTION | C33: NO. OF SET | D33: PM/C PRODUCTION (MT) | M33: TOTAL | N33: =SUM(N9,N10,N11,N12,N13,N14,N15,N16,N17,N18,N19,N20,N21,N22,N23,N24,N25,N26,N27,N28,N29,N30,N31,N32) -> 1163.2583 | O33: =SUM(O9,O10,O11,O12,O13,O14,O15,O16,O17,O18,O19,O20,O21,O22,O23,O24,O25,O26,O27,O28,O29,N31,N32,O32) -> 1117.2899
A34: 1 | B34: 180 GSM/18 BF (NATURAL) | C34: 58 | F34: =C34*E4/C41 -> 97.101124 | N34: COSTING | O34: COSTING
A35: 2 | B35: 150 GSM/18 BF (NATURAL) | C35: 29 | F35: =C35*E4/C41 -> 48.550562 | N35: TODAY | O35: TO DATE
A36: 3 | B36: 180 GSM/20 BF (NATURAL) | C36: 2 | F36: =C36*E4/C41 -> 3.3483146 | N36: Rs./Kg. | O36: Rs./Kg.
A37: 4 | M37: TOTAL | N37: =N33/1000 -> 1.1632583 | O37: =O33/1000 -> 1.1172899
A38: 5
A39: 6
A40: 7
A41: 4 | B41: TOTAL | C41: =SUM(C34,C35,C36,C37,C38,C39,C40) -> 89 | D41: =SUM(F34,F35,F36,F37,F38,F39,F40) -> 149

Sheet 03-07-26
A1: SRI MK PAPER MILLS PVT. LTD.
A3: CHEMICAL CONSUMPTION / BALANCE & COSTING PER DAY & TODATE
A4: PRODUCTION ( MT ) | E4: 163 | F4: 482 | G4: 160.6 | H4: DATE : 03 - 07 - 2026
A5: PRODUCTION (MT) | C5: GOLDEN YELLOW | E5: 0 | F5: 0 | G5: 000.000(AVG)
A6: SR. | B6: CHEMICAL | C6: OPENING | D6: RECEIVED MATERIAL | F6: CONSUMED MATERIAL | H6: TODAY | I6: CHEMICAL | J6: TO DATE | K6: RATE | L6: TOTAL CONSUMED AMOUNT | N6: COSTING
A7: NO. | B7: NAME | C7: STOCK | D7: TO DAY | E7: TO DATE | F7: TO DAY | G7: TO DATE | H7: CONSUMPTION | I7: BALANCE | J7: CONSUMPTION | K7: RS.@ | L7: TODAY | M7: TO DATE | N7: TODAY | O7: TO DATE
C8: (Kgs.) | D8: (Kgs.) | E8: (Kgs.) | F8: (Kgs.) | G8: (Kgs.) | H8: (Kgs.)/MTP | I8: (Kgs.) | J8: (Kgs.)/MTP | K8: MT | L8: Rs. | M8: Rs. | N8: Rs./MTP | O8: Rs./MTP
A9: 1 | B9: STARCH | C9: 18550 | D9: 0 | E9: 13000 | F9: 5800 | G9: ='02-07-26'!G9+'03-07-26'!F9 -> 13650 | H9: =F9/E4 -> 35.582822 | I9: =(C9-F9)+D9 -> 12750 | J9: =G9/F4 -> 28.319502 | K9: 28500 | L9: =(F9/1000)*K9 -> 165300 | M9: =(G9/1000)*K9 -> 389025 | N9: =L9/E4 -> 1014.1104 | O9: =M9/F4 -> 807.10581
A10: 2 | B10: PAC ( SOLID) | C10: 8588 | F10: 238 | G10: ='02-07-26'!G10+'03-07-26'!F10 -> 650 | H10: =F10/E4 -> 1.4601227 | I10: =(C10-F10)+D10 -> 8350 | J10: =G10/F4 -> 1.3485477 | K10: 35500 | L10: =(F10/1000)*K10 -> 8449 | M10: =(G31/1000)*K10 -> 0 | N10: =L10/E4 -> 51.834356 | O10: =M10/F4 -> 0
A11: 3 | B11: SURFACE SIZE (700C) | C11: 6683 | F11: 69 | G11: ='02-07-26'!G11+'03-07-26'!F11 -> 206 | H11: =F11/E4 -> 0.42331288 | I11: =(C11-F11)+D11 -> 6614 | J11: =G11/F4 -> 0.42738589 | K11: 98000 | L11: =(F11/1000)*K11 -> 6762 | M11: =(G11/1000)*K11 -> 20188 | N11: =L11/E4 -> 41.484663 | O11: =M11/F4 -> 41.883817
A12: 4 | B12: ENZYME (L) | C12: 20.84 | F12: 0.08 | G12: ='02-07-26'!G12+'03-07-26'!F12 -> 0.24 | H12: =F12/E4 -> 0.00049079755 | I12: =(C12-F12)+D12 -> 20.76 | J12: =G12/F4 -> 0.00049792531 | K12: 750000 | L12: =(F12/1000)*K12 -> 60 | M12: =(G12/1000)*K12 -> 180 | N12: =L12/E4 -> 0.36809816 | O12: =M12/F4 -> 0.37344398
A13: 5 | B13: RETENTION AID (2024) | C13: 457 | F13: 20 | G13: ='02-07-26'!G13+'03-07-26'!F13 -> 63 | H13: =F13/E4 -> 0.12269939 | I13: =(C13-F13)+D13 -> 437 | J13: =G13/F4 -> 0.13070539 | K13: 350000 | L13: =(F13/1000)*K13 -> 7000 | M13: =(G13/1000)*K13 -> 22050 | N13: =L13/E4 -> 42.944785 | O13: =M13/F4 -> 45.746888
A14: 6 | B14: DEFOAMER (SE 100) | C14: 2260 | F14: 45 | G14: ='02-07-26'!G14+'03-07-26'!F14 -> 185 | H14: =F14/E4 -> 0.27607362 | I14: =(C14-F14)+D14 -> 2215 | J14: =G14/F4 -> 0.38381743 | K14: 204500 | L14: =(F14/1000)*K14 -> 9202.5 | M14: =(G14/1000)*K14 -> 37832.5 | N14: =L14/E4 -> 56.457055 | O14: =M14/F4 -> 78.490664
A15: 7 | B15: COAGULANT (CL 200) | C15: 1642 | F15: 59 | G15: ='02-07-26'!G15+'03-07-26'!F15 -> 167 | H15: =F15/E4 -> 0.36196319 | I15: =(C15-F15)+D15 -> 1583 | J15: =G15/F4 -> 0.34647303 | K15: 129500 | L15: =(F15/1000)*K15 -> 7640.5 | M15: =(G15/1000)*K15 -> 21626.5 | N15: =L15/E4 -> 46.874233 | O15: =M15/F4 -> 44.868257
A16: 8 | B16: KROFTA (303) | C16: 950 | F16: 15 | G16: ='02-07-26'!G16+'03-07-26'!F16 -> 50 | H16: =F16/E4 -> 0.09202454 | I16: =(C16-F16)+D16 -> 935 | J16: =G16/F4 -> 0.10373444 | K16: 219500 | L16: =(F16/1000)*K16 -> 3292.5 | M16: =(G16/1000)*K16 -> 10975 | N16: =L16/E4 -> 20.199387 | O16: =M16/F4 -> 22.76971
A17: 9 | B17: BELT PRESS (SUCHEM - 638 ) | C17: 21 | F17: 0 | G17: ='02-07-26'!G17+'03-07-26'!F17 -> 0 | H17: =F17/E4 -> 0 | I17: =(C17-F17)+D17 -> 21 | J17: =G17/F4 -> 0 | K17: 348200 | L17: =(F17/1000)*K17 -> 0 | M17: =(G17/1000)*K17 -> 0 | N17: =L17/E4 -> 0 | O17: =M17/F4 -> 0
A18: 10 | B18: GOLDEN YELLOW DYE | C18: 3950 | F18: 0 | G18: ='02-07-26'!G18+'03-07-26'!F18 -> 0 | H18: =F18/E4 -> 0 | I18: =(C18-F18)+D18 -> 3950 | J18: =G18/F4 -> 0 | K18: 172000 | L18: =(F18/1000)*K18 -> 0 | M18: =(G18/1000)*K18 -> 0 | N18: =L18/E4 -> 0 | O18: =M18/F4 -> 0
A19: 11 | B19: SE-BOND 102 (CRACKING AGENT) | C19: 48 | F19: 0 | G19: ='02-07-26'!G19+'03-07-26'!F19 -> 0 | H19: =F19/E4 -> 0 | I19: =(C19-F19)+D19 -> 48 | J19: =G19/F4 -> 0 | K19: 200000 | L19: =(F19/1000)*K19 -> 0 | M19: =(G19/1000)*K19 -> 0 | N19: =L19/E4 -> 0 | O19: =M19/F4 -> 0
A20: 12 | B20: PROMASK 192 | C20: 150.8 | F20: 7.2 | G20: ='02-07-26'!G20+'03-07-26'!F20 -> 19.6 | H20: =F20/E4 -> 0.044171779 | I20: =(C20-F20)+D20 -> 143.6 | J20: =G20/F4 -> 0.0406639 | K20: 377600 | L20: =(F20/1000)*K20 -> 2718.72 | M20: =(G20/1000)*K20 -> 7400.96 | N20: =L20/E4 -> 16.679264 | O20: =M20/F4 -> 15.354689
A21: 13 | B21: PROSOLVE 126 | C21: 127.1 | F21: 4.3 | G21: ='02-07-26'!G21+'03-07-26'!F21 -> 11.7 | H21: =F21/E4 -> 0.026380368 | I21: =(C21-F21)+D21 -> 122.8 | J21: =G21/F4 -> 0.024273859 | K21: 271400 | L21: =(F21/1000)*K21 -> 1167.02 | M21: =(G21/1000)*K21 -> 3175.38 | N21: =L21/E4 -> 7.1596319 | O21: =M21/F4 -> 6.5879253
A22: 14 | B22: PROSOLVE ADV. | C22: 1832.5 | F22: 61.9 | G22: ='02-07-26'!G22+'03-07-26'!F22 -> 168.6 | H22: =F22/E4 -> 0.3797546 | I22: =(C22-F22)+D22 -> 1770.6 | J22: =G22/F4 -> 0.34979253 | K22: 271400 | L22: =(F22/1000)*K22 -> 16799.66 | M22: =(G22/1000)*K22 -> 45758.04 | N22: =L22/E4 -> 103.0654 | O22: =M22/F4 -> 94.933693
A23: 15 | B23: BLEACHING POWDER (S) | C23: 100 | F23: 0 | G23: ='02-07-26'!G23+'03-07-26'!F23 -> 0 | H23: =F23/E4 -> 0 | I23: =(C23-F23)+D23 -> 100 | J23: =G23/F4 -> 0 | K23: 41000 | L23: =(F23/1000)*K23 -> 0 | M23: =(G23/1000)*K23 -> 0 | N23: =L23/E4 -> 0 | O23: =M23/F4 -> 0
A24: 16 | B24: SODIUM HYPO CHLORIDE [HYPO] | C24: 379.6 | F24: 6 | G24: ='02-07-26'!G24+'03-07-26'!F24 -> 18 | H24: =F24/E4 -> 0.036809816 | I24: =(C24-F24)+D24 -> 373.6 | J24: =G24/F4 -> 0.037344398 | K24: 24000 | L24: =(F24/1000)*K24 -> 144 | M24: =(G24/1000)*K24 -> 432 | N24: =L24/E4 -> 0.88343558 | O24: =M24/F4 -> 0.89626556
A25: 17 | B25: HCL [PULP MILL] | C25: 380 | F25: 0 | G25: ='02-07-26'!G25+'03-07-26'!F25 -> 0 | H25: =F25/E4 -> 0 | I25: =(C25-F25)+D25 -> 380 | J25: =G25/F4 -> 0 | K25: 13210 | L25: =(F25/1000)*K25 -> 0 | M25: =(G25/1000)*K25 -> 0 | N25: =L25/E4 -> 0 | O25: =M25/F4 -> 0
A26: 18 | B26: HCL [BOILER] | C26: 225 | F26: 10 | G26: ='02-07-26'!G26+'03-07-26'!F26 -> 30 | H26: =F26/E4 -> 0.061349693 | I26: =(C26-F26)+D26 -> 215 | J26: =G26/F4 -> 0.062240664 | K26: 14400 | L26: =(F26/1000)*K26 -> 144 | M26: =(G26/1000)*K26 -> 432 | N26: =L26/E4 -> 0.88343558 | O26: =M26/F4 -> 0.89626556
A27: 19 | B27: pH BOOSTER [3230] (L) | C27: 197.5 | F27: 3.5 | G27: ='02-07-26'!G27+'03-07-26'!F27 -> 11 | H27: =F27/E4 -> 0.021472393 | I27: =(C27-F27)+D27 -> 194 | J27: =G27/F4 -> 0.022821577 | K27: 102000 | L27: =(F27/1000)*K27 -> 357 | M27: =(G27/1000)*K27 -> 1122 | N27: =L27/E4 -> 2.190184 | O27: =M27/F4 -> 2.3278008
A28: 20 | B28: ANTI SCALEN [3220] (L) | C28: 170 | F28: 5 | G28: ='02-07-26'!G28+'03-07-26'!F28 -> 15 | H28: =F28/E4 -> 0.030674847 | I28: =(C28-F28)+D28 -> 165 | J28: =G28/F4 -> 0.031120332 | K28: 107000 | L28: =(F28/1000)*K28 -> 535 | M28: =(G28/1000)*K28 -> 1605 | N28: =L28/E4 -> 3.2822086 | O28: =M28/F4 -> 3.3298755
A29: 21 | B29: OXYGEN SCAVANGER [3210] (L) | C29: 163 | F29: 3 | G29: ='02-07-26'!G29+'03-07-26'!F29 -> 9 | H29: =F29/E4 -> 0.018404908 | I29: =(C29-F29)+D29 -> 160 | J29: =G29/F4 -> 0.018672199 | K29: 100000 | L29: =(F29/1000)*K29 -> 300 | M29: =(G29/1000)*K29 -> 900 | N29: =L29/E4 -> 1.8404908 | O29: =M29/F4 -> 1.8672199
A30: 22 | B30: RO ANTI SCALEN [3291 (L) | C30: 62 | F30: 1 | G30: ='02-07-26'!G30+'03-07-26'!F30 -> 3 | H30: =F30/E4 -> 0.0061349693 | I30: =(C30-F30)+D30 -> 61 | J30: =G30/F4 -> 0.0062240664 | K30: 255000 | L30: =(F30/1000)*K30 -> 255 | M30: =(G30/1000)*K30 -> 765 | N30: =L30/E4 -> 1.5644172 | O30: =M30/F4 -> 1.5871369
A31: 23 | B31: CAUSTIC SODA FLAKES | C31: 480 | F31: 0 | G31: ='02-07-26'!G31+'03-07-26'!F31 -> 0 | H31: =F31/E4 -> 0 | I31: =(C31-F31)+D31 -> 480 | J31: =G31/F4 -> 0 | K31: 56000 | L31: =(F31/1000)*K31 -> 0 | M31: =(G31/1000)*K31 -> 0 | N31: =M30/F4 -> 1.5871369 | O31: =M31/F4 -> 0
A32: 24 | B32: DESCALING [3250] (L) | C32: 0 | F32: 0 | G32: ='02-07-26'!G32+'03-07-26'!F32 -> 0 | H32: =F32/E4 -> 0 | I32: =(C32-F32)+D32 -> 0 | J32: =G32/F4 -> 0 | K32: 90000 | L32: =(F32/1000)*K32 -> 0 | M32: =(G32/1000)*K32 -> 0 | N32: =M31/F4 -> 0 | O32: =M32/F4 -> 0
A33: S.NO. | B33: QUALITY WISE PRODUCTION | C33: NO. OF SET | D33: PM/C PRODUCTION (MT) | M33: TOTAL | N33: =SUM(N9:N32) -> 1413.4086 | O33: =SUM(O9:O32) -> 1169.0195
A34: 1 | B34: 180 GSM/22 BF (NATURAL) | C34: 26 | F34: =C34*E4/C41 -> 44.145833 | N34: COSTING | O34: COSTING
A35: 2 | B35: 140 GSM/20 BF (NATURAL) | C35: 31 | F35: =C35*E4/C41 -> 52.635417 | N35: TODAY | O35: TO DATE
A36: 3 | B36: 180 GSM/20 BF (NATURAL) | C36: 1 | F36: =C36*E4/C41 -> 1.6979167 | N36: Rs./Kg. | O36: Rs./Kg.
A37: 4 | B37: 120 GSM/20 BF (NATURAL) | C37: 38 | F37: =C37*E4/C41 -> 64.520833 | M37: TOTAL | N37: =N33/1000 -> 1.4134086 | O37: =O33/1000 -> 1.1690195
A38: 5
A39: 6
A40: 7
A41: 4 | B41: TOTAL | C41: =SUM(C34,C35,C36,C37,C38,C39,C40) -> 96 | D41: =SUM(F34,F35,F36,F37,F38,F39,F40) -> 163

Sheet 04-07-26
A1: SRI MK PAPER MILLS PVT. LTD.
A3: CHEMICAL CONSUMPTION / BALANCE & COSTING PER DAY & TODATE
A4: PRODUCTION ( MT ) | E4: 59 | F4: 541 | G4: 135.25 | H4: DATE : 04 - 07 - 2026
A5: PRODUCTION (MT) | C5: GOLDEN YELLOW | E5: 0 | F5: 0 | G5: 000.000(AVG)
A6: SR. | B6: CHEMICAL | C6: OPENING | D6: RECEIVED MATERIAL | F6: CONSUMED MATERIAL | H6: TODAY | I6: CHEMICAL | J6: TO DATE | K6: RATE | L6: TOTAL CONSUMED AMOUNT | N6: COSTING
A7: NO. | B7: NAME | C7: STOCK | D7: TO DAY | E7: TO DATE | F7: TO DAY | G7: TO DATE | H7: CONSUMPTION | I7: BALANCE | J7: CONSUMPTION | K7: RS.@ | L7: TODAY | M7: TO DATE | N7: TODAY | O7: TO DATE
C8: (Kgs.) | D8: (Kgs.) | E8: (Kgs.) | F8: (Kgs.) | G8: (Kgs.) | H8: (Kgs.)/MTP | I8: (Kgs.) | J8: (Kgs.)/MTP | K8: MT | L8: Rs. | M8: Rs. | N8: Rs./MTP | O8: Rs./MTP
A9: 1 | B9: STARCH | C9: 12750 | D9: 0 | E9: 13000 | F9: 1400 | G9: ='03-07-26'!G9+'04-07-26'!F9 -> 15050 | H9: =F9/E4 -> 23.728814 | I9: =(C9-F9)+D9 -> 11350 | J9: =G9/F4 -> 27.818854 | K9: 28500 | L9: =(F9/1000)*K9 -> 39900 | M9: =(G9/1000)*K9 -> 428925 | N9: =L9/E4 -> 676.27119 | O9: =M9/F4 -> 792.83734
A10: 2 | B10: PAC ( SOLID) | C10: 8350 | F10: 110 | G10: ='03-07-26'!G10+'04-07-26'!F10 -> 760 | H10: =F10/E4 -> 1.8644068 | I10: =(C10-F10)+D10 -> 8240 | J10: =G10/F4 -> 1.4048059 | K10: 35500 | L10: =(F10/1000)*K10 -> 3905 | M10: =(G31/1000)*K10 -> 0 | N10: =L10/E4 -> 66.186441 | O10: =M10/F4 -> 0
A11: 3 | B11: SURFACE SIZE (700C) | C11: 6614 | F11: 23 | G11: ='03-07-26'!G11+'04-07-26'!F11 -> 229 | H11: =F11/E4 -> 0.38983051 | I11: =(C11-F11)+D11 -> 6591 | J11: =G11/F4 -> 0.4232902 | K11: 98000 | L11: =(F11/1000)*K11 -> 2254 | M11: =(G11/1000)*K11 -> 22442 | N11: =L11/E4 -> 38.20339 | O11: =M11/F4 -> 41.48244
A12: 4 | B12: ENZYME (L) | C12: 20.76 | F12: 0.08 | G12: ='03-07-26'!G12+'04-07-26'!F12 -> 0.32 | H12: =F12/E4 -> 0.0013559322 | I12: =(C12-F12)+D12 -> 20.68 | J12: =G12/F4 -> 0.00059149723 | K12: 750000 | L12: =(F12/1000)*K12 -> 60 | M12: =(G12/1000)*K12 -> 240 | N12: =L12/E4 -> 1.0169492 | O12: =M12/F4 -> 0.44362292
A13: 5 | B13: RETENTION AID (2024) | C13: 437 | F13: 12 | G13: ='03-07-26'!G13+'04-07-26'!F13 -> 75 | H13: =F13/E4 -> 0.20338983 | I13: =(C13-F13)+D13 -> 425 | J13: =G13/F4 -> 0.13863216 | K13: 350000 | L13: =(F13/1000)*K13 -> 4200 | M13: =(G13/1000)*K13 -> 26250 | N13: =L13/E4 -> 71.186441 | O13: =M13/F4 -> 48.521257
A14: 6 | B14: DEFOAMER (SE 100) | C14: 2215 | F14: 20 | G14: ='03-07-26'!G14+'04-07-26'!F14 -> 205 | H14: =F14/E4 -> 0.33898305 | I14: =(C14-F14)+D14 -> 2195 | J14: =G14/F4 -> 0.37892791 | K14: 204500 | L14: =(F14/1000)*K14 -> 4090 | M14: =(G14/1000)*K14 -> 41922.5 | N14: =L14/E4 -> 69.322034 | O14: =M14/F4 -> 77.490758
A15: 7 | B15: COAGULANT (CL 200) | C15: 1583 | F15: 20 | G15: ='03-07-26'!G15+'04-07-26'!F15 -> 187 | H15: =F15/E4 -> 0.33898305 | I15: =(C15-F15)+D15 -> 1563 | J15: =G15/F4 -> 0.34565619 | K15: 129500 | L15: =(F15/1000)*K15 -> 2590 | M15: =(G15/1000)*K15 -> 24216.5 | N15: =L15/E4 -> 43.898305 | O15: =M15/F4 -> 44.762477
A16: 8 | B16: KROFTA (303) | C16: 935 | F16: 15 | G16: ='03-07-26'!G16+'04-07-26'!F16 -> 65 | H16: =F16/E4 -> 0.25423729 | I16: =(C16-F16)+D16 -> 920 | J16: =G16/F4 -> 0.12014787 | K16: 219500 | L16: =(F16/1000)*K16 -> 3292.5 | M16: =(G16/1000)*K16 -> 14267.5 | N16: =L16/E4 -> 55.805085 | O16: =M16/F4 -> 26.372458
A17: 9 | B17: BELT PRESS (SUCHEM - 638 ) | C17: 21 | F17: 0 | G17: ='03-07-26'!G17+'04-07-26'!F17 -> 0 | H17: =F17/E4 -> 0 | I17: =(C17-F17)+D17 -> 21 | J17: =G17/F4 -> 0 | K17: 348200 | L17: =(F17/1000)*K17 -> 0 | M17: =(G17/1000)*K17 -> 0 | N17: =L17/E4 -> 0 | O17: =M17/F4 -> 0
A18: 10 | B18: GOLDEN YELLOW DYE | C18: 3950 | F18: 0 | G18: ='03-07-26'!G18+'04-07-26'!F18 -> 0 | H18: =F18/E4 -> 0 | I18: =(C18-F18)+D18 -> 3950 | J18: =G18/F4 -> 0 | K18: 172000 | L18: =(F18/1000)*K18 -> 0 | M18: =(G18/1000)*K18 -> 0 | N18: =L18/E4 -> 0 | O18: =M18/F4 -> 0
A19: 11 | B19: SE-BOND 102 (CRACKING AGENT) | C19: 48 | F19: 0 | G19: ='03-07-26'!G19+'04-07-26'!F19 -> 0 | H19: =F19/E4 -> 0 | I19: =(C19-F19)+D19 -> 48 | J19: =G19/F4 -> 0 | K19: 200000 | L19: =(F19/1000)*K19 -> 0 | M19: =(G19/1000)*K19 -> 0 | N19: =L19/E4 -> 0 | O19: =M19/F4 -> 0
A20: 12 | B20: PROMASK 192 | C20: 143.6 | F20: 3 | G20: ='03-07-26'!G20+'04-07-26'!F20 -> 22.6 | H20: =F20/E4 -> 0.050847458 | I20: =(C20-F20)+D20 -> 140.6 | J20: =G20/F4 -> 0.041774492 | K20: 377600 | L20: =(F20/1000)*K20 -> 1132.8 | M20: =(G20/1000)*K20 -> 8533.76 | N20: =L20/E4 -> 19.2 | O20: =M20/F4 -> 15.774048
A21: 13 | B21: PROSOLVE 126 | C21: 122.8 | F21: 1.8 | G21: ='03-07-26'!G21+'04-07-26'!F21 -> 13.5 | H21: =F21/E4 -> 0.030508475 | I21: =(C21-F21)+D21 -> 121 | J21: =G21/F4 -> 0.024953789 | K21: 271400 | L21: =(F21/1000)*K21 -> 488.52 | M21: =(G21/1000)*K21 -> 3663.9 | N21: =L21/E4 -> 8.28 | O21: =M21/F4 -> 6.7724584
A22: 14 | B22: PROSOLVE ADV. | C22: 1770.6 | F22: 25.8 | G22: ='03-07-26'!G22+'04-07-26'!F22 -> 194.4 | H22: =F22/E4 -> 0.43728814 | I22: =(C22-F22)+D22 -> 1744.8 | J22: =G22/F4 -> 0.35933457 | K22: 271400 | L22: =(F22/1000)*K22 -> 7002.12 | M22: =(G22/1000)*K22 -> 52760.16 | N22: =L22/E4 -> 118.68 | O22: =M22/F4 -> 97.523401
A23: 15 | B23: BLEACHING POWDER (S) | C23: 100 | F23: 0 | G23: ='03-07-26'!G23+'04-07-26'!F23 -> 0 | H23: =F23/E4 -> 0 | I23: =(C23-F23)+D23 -> 100 | J23: =G23/F4 -> 0 | K23: 41000 | L23: =(F23/1000)*K23 -> 0 | M23: =(G23/1000)*K23 -> 0 | N23: =L23/E4 -> 0 | O23: =M23/F4 -> 0
A24: 16 | B24: SODIUM HYPO CHLORIDE [HYPO] | C24: 373.6 | F24: 6 | G24: ='03-07-26'!G24+'04-07-26'!F24 -> 24 | H24: =F24/E4 -> 0.10169492 | I24: =(C24-F24)+D24 -> 367.6 | J24: =G24/F4 -> 0.044362292 | K24: 24000 | L24: =(F24/1000)*K24 -> 144 | M24: =(G24/1000)*K24 -> 576 | N24: =L24/E4 -> 2.440678 | O24: =M24/F4 -> 1.064695
A25: 17 | B25: HCL [PULP MILL] | C25: 380 | F25: 0 | G25: ='03-07-26'!G25+'04-07-26'!F25 -> 0 | H25: =F25/E4 -> 0 | I25: =(C25-F25)+D25 -> 380 | J25: =G25/F4 -> 0 | K25: 13210 | L25: =(F25/1000)*K25 -> 0 | M25: =(G25/1000)*K25 -> 0 | N25: =L25/E4 -> 0 | O25: =M25/F4 -> 0
A26: 18 | B26: HCL [BOILER] | C26: 205 | F26: 5 | G26: ='03-07-26'!G26+'04-07-26'!F26 -> 35 | H26: =F26/E4 -> 0.084745763 | I26: =(C26-F26)+D26 -> 200 | J26: =G26/F4 -> 0.064695009 | K26: 14400 | L26: =(F26/1000)*K26 -> 72 | M26: =(G26/1000)*K26 -> 504 | N26: =L26/E4 -> 1.220339 | O26: =M26/F4 -> 0.93160813
A27: 19 | B27: pH BOOSTER [3230] (L) | C27: 190.5 | F27: 3.5 | G27: ='03-07-26'!G27+'04-07-26'!F27 -> 14.5 | H27: =F27/E4 -> 0.059322034 | I27: =(C27-F27)+D27 -> 187 | J27: =G27/F4 -> 0.026802218 | K27: 102000 | L27: =(F27/1000)*K27 -> 357 | M27: =(G27/1000)*K27 -> 1479 | N27: =L27/E4 -> 6.0508475 | O27: =M27/F4 -> 2.7338262
A28: 20 | B28: ANTI SCALEN [3220] (L) | C28: 160 | F28: 5 | G28: ='03-07-26'!G28+'04-07-26'!F28 -> 20 | H28: =F28/E4 -> 0.084745763 | I28: =(C28-F28)+D28 -> 155 | J28: =G28/F4 -> 0.036968577 | K28: 107000 | L28: =(F28/1000)*K28 -> 535 | M28: =(G28/1000)*K28 -> 2140 | N28: =L28/E4 -> 9.0677966 | O28: =M28/F4 -> 3.9556377
A29: 21 | B29: OXYGEN SCAVANGER [3210] (L) | C29: 157 | F29: 3 | G29: ='03-07-26'!G29+'04-07-26'!F29 -> 12 | H29: =F29/E4 -> 0.050847458 | I29: =(C29-F29)+D29 -> 154 | J29: =G29/F4 -> 0.022181146 | K29: 100000 | L29: =(F29/1000)*K29 -> 300 | M29: =(G29/1000)*K29 -> 1200 | N29: =L29/E4 -> 5.0847458 | O29: =M29/F4 -> 2.2181146
A30: 22 | B30: RO ANTI SCALEN [3291 (L) | C30: 60 | F30: 1 | G30: ='03-07-26'!G30+'04-07-26'!F30 -> 4 | H30: =F30/E4 -> 0.016949153 | I30: =(C30-F30)+D30 -> 59 | J30: =G30/F4 -> 0.0073937153 | K30: 255000 | L30: =(F30/1000)*K30 -> 255 | M30: =(G30/1000)*K30 -> 1020 | N30: =L30/E4 -> 4.3220339 | O30: =M30/F4 -> 1.8853974
A31: 23 | B31: CAUSTIC SODA FLAKES | C31: 480 | F31: 0 | G31: ='03-07-26'!G31+'04-07-26'!F31 -> 0 | H31: =F31/E4 -> 0 | I31: =(C31-F31)+D31 -> 480 | J31: =G31/F4 -> 0 | K31: 56000 | L31: =(F31/1000)*K31 -> 0 | M31: =(G31/1000)*K31 -> 0 | N31: =M30/F4 -> 1.8853974 | O31: =M31/F4 -> 0
A32: 24 | B32: DESCALING [3250] (L) | C32: 0 | F32: 0 | G32: ='03-07-26'!G32+'04-07-26'!F32 -> 0 | H32: =F32/E4 -> 0 | I32: =(C32-F32)+D32 -> 0 | J32: =G32/F4 -> 0 | K32: 90000 | L32: =(F32/1000)*K32 -> 0 | M32: =(G32/1000)*K32 -> 0 | N32: =M31/F4 -> 0 | O32: =M32/F4 -> 0
A33: S.NO. | B33: QUALITY WISE PRODUCTION | C33: NO. OF SET | D33: PM/C PRODUCTION (MT) | M33: TOTAL | N33: =SUM(N9:N32) -> 1198.1217 | O33: =SUM(O9:O32) -> 1164.7695
A34: 1 | B34: 180 GSM/22 BF (NATURAL) | C34: 0 | F34: =C34*E4/C41 -> 0 | N34: COSTING | O34: COSTING
A35: 2 | B35: 140 GSM/18 BF (NATURAL) | C35: 7 | F35: =C35*E4/C41 -> 11.472222 | N35: TODAY | O35: TO DATE
A36: 3 | B36: 120 GSM/20 BF (NATURAL) | C36: 19 | F36: =C36*E4/C41 -> 31.138889 | N36: Rs./Kg. | O36: Rs./Kg.
A37: 4 | B37: 120 GSM/18 BF (NATURAL) | C37: 10 | F37: =C37*E4/C41 -> 16.388889 | M37: TOTAL | N37: =N33/1000 -> 1.1981217 | O37: =O33/1000 -> 1.1647695
A38: 5
A39: 6
A40: 7
A41: 4 | B41: TOTAL | C41: =SUM(C34,C35,C36,C37,C38,C39,C40) -> 36 | D41: =SUM(F34,F35,F36,F37,F38,F39,F40) -> 59

Sheet 05-7-26
A1: SRI MK PAPER MILLS PVT. LTD.
A3: CHEMICAL CONSUMPTION / BALANCE & COSTING PER DAY & TODATE
A4: PRODUCTION ( MT ) | E4: 106 | F4: 647 | G4: 129.4 | H4: DATE : 05 - 07 - 2026
A5: PRODUCTION (MT) | C5: GOLDEN YELLOW | E5: 0 | F5: 0 | G5: 00.000(AVG)
A6: SR. | B6: CHEMICAL | C6: OPENING | D6: RECEIVED MATERIAL | F6: CONSUMED MATERIAL | H6: TODAY | I6: CHEMICAL | J6: TO DATE | K6: RATE | L6: TOTAL CONSUMED AMOUNT | N6: COSTING
A7: NO. | B7: NAME | C7: STOCK | D7: TO DAY | E7: TO DATE | F7: TO DAY | G7: TO DATE | H7: CONSUMPTION | I7: BALANCE | J7: CONSUMPTION | K7: RS.@ | L7: TODAY | M7: TO DATE | N7: TODAY | O7: TO DATE
C8: (Kgs.) | D8: (Kgs.) | E8: (Kgs.) | F8: (Kgs.) | G8: (Kgs.) | H8: (Kgs.)/MTP | I8: (Kgs.) | J8: (Kgs.)/MTP | K8: MT | L8: Rs. | M8: Rs. | N8: Rs./MTP | O8: Rs./MTP
A9: 1 | B9: STARCH | C9: 11350 | D9: 0 | E9: 13000 | F9: 2400 | G9: ='04-07-26'!G9+'05-7-26'!F9 -> 17450 | H9: =F9/E4 -> 22.641509 | I9: =(C9-F9)+D9 -> 8950 | J9: =G9/F4 -> 26.970634 | K9: 28500 | L9: =(F9/1000)*K9 -> 68400 | M9: =(G9/1000)*K9 -> 497325 | N9: =L9/E4 -> 645.28302 | O9: =M9/F4 -> 768.66306
A10: 2 | B10: PAC ( SOLID) | C10: 8240 | F10: 161 | G10: ='04-07-26'!G10+'05-7-26'!F10 -> 921 | H10: =F10/E4 -> 1.5188679 | I10: =(C10-F10)+D10 -> 8079 | J10: =G10/F4 -> 1.423493 | K10: 35500 | L10: =(F10/1000)*K10 -> 5715.5 | M10: =(G10/1000)*K10 -> 32695.5 | N10: =L10/E4 -> 53.919811 | O10: =M10/F4 -> 50.534003
A11: 3 | B11: SURFACE SIZE (700C) | C11: 6591 | F11: 46 | G11: ='04-07-26'!G11+'05-7-26'!F11 -> 275 | H11: =F11/E4 -> 0.43396226 | I11: =(C11-F11)+D11 -> 6545 | J11: =G11/F4 -> 0.42503864 | K11: 98000 | L11: =(F11/1000)*K11 -> 4508 | M11: =(G11/1000)*K11 -> 26950 | N11: =L11/E4 -> 42.528302 | O11: =M11/F4 -> 41.653787
A12: 4 | B12: ENZYME (L) | C12: 20.68 | F12: 0.08 | G12: ='04-07-26'!G12+'05-7-26'!F12 -> 0.4 | H12: =F12/E4 -> 0.00075471698 | I12: =(C12-F12)+D12 -> 20.6 | J12: =G12/F4 -> 0.00061823802 | K12: 750000 | L12: =(F12/1000)*K12 -> 60 | M12: =(G12/1000)*K12 -> 300 | N12: =L12/E4 -> 0.56603774 | O12: =M12/F4 -> 0.46367852
A13: 5 | B13: RETENTION AID (2024) | C13: 425 | F13: 18 | G13: ='04-07-26'!G13+'05-7-26'!F13 -> 93 | H13: =F13/E4 -> 0.16981132 | I13: =(C13-F13)+D13 -> 407 | J13: =G13/F4 -> 0.14374034 | K13: 350000 | L13: =(F13/1000)*K13 -> 6300 | M13: =(G13/1000)*K13 -> 32550 | N13: =L13/E4 -> 59.433962 | O13: =M13/F4 -> 50.309119
A14: 6 | B14: DEFOAMER (SE 100) | C14: 2195 | F14: 35 | G14: ='04-07-26'!G14+'05-7-26'!F14 -> 240 | H14: =F14/E4 -> 0.33018868 | I14: =(C14-F14)+D14 -> 2160 | J14: =G14/F4 -> 0.37094281 | K14: 204500 | L14: =(F14/1000)*K14 -> 7157.5 | M14: =(G14/1000)*K14 -> 49080 | N14: =L14/E4 -> 67.523585 | O14: =M14/F4 -> 75.857805
A15: 7 | B15: COAGULANT (CL 200) | C15: 1563 | F15: 34 | G15: ='04-07-26'!G15+'05-7-26'!F15 -> 221 | H15: =F15/E4 -> 0.32075472 | I15: =(C15-F15)+D15 -> 1529 | J15: =G15/F4 -> 0.34157651 | K15: 129500 | L15: =(F15/1000)*K15 -> 4403 | M15: =(G15/1000)*K15 -> 28619.5 | N15: =L15/E4 -> 41.537736 | O15: =M15/F4 -> 44.234158
A16: 8 | B16: KROFTA (303) | C16: 920 | F16: 15 | G16: ='04-07-26'!G16+'05-7-26'!F16 -> 80 | H16: =F16/E4 -> 0.14150943 | I16: =(C16-F16)+D16 -> 905 | J16: =G16/F4 -> 0.1236476 | K16: 219500 | L16: =(F16/1000)*K16 -> 3292.5 | M16: =(G16/1000)*K16 -> 17560 | N16: =L16/E4 -> 31.061321 | O16: =M16/F4 -> 27.140649
A17: 9 | B17: BELT PRESS (SUCHEM - 638 ) | C17: 21 | F17: 0 | G17: ='04-07-26'!G17+'05-7-26'!F17 -> 0 | H17: =F17/E4 -> 0 | I17: =(C17-F17)+D17 -> 21 | J17: =G17/F4 -> 0 | K17: 348200 | L17: =(F17/1000)*K17 -> 0 | M17: =(G17/1000)*K17 -> 0 | N17: =L17/E4 -> 0 | O17: =M17/F4 -> 0
A18: 10 | B18: GOLDEN YELLOW DYE | C18: 3950 | F18: 0 | G18: ='04-07-26'!G18+'05-7-26'!F18 -> 0 | H18: =F18/E4 -> 0 | I18: =(C18-F18)+D18 -> 3950 | J18: =G18/F4 -> 0 | K18: 172000 | L18: =(F18/1000)*K18 -> 0 | M18: =(G18/1000)*K18 -> 0 | N18: =L18/E4 -> 0 | O18: =M18/F4 -> 0
A19: 11 | B19: SE-BOND 102 (CRACKING AGENT) | C19: 48 | F19: 0 | G19: ='04-07-26'!G19+'05-7-26'!F19 -> 0 | H19: =F19/E4 -> 0 | I19: =(C19-F19)+D19 -> 48 | J19: =G19/F4 -> 0 | K19: 200000 | L19: =(F19/1000)*K19 -> 0 | M19: =(G19/1000)*K19 -> 0 | N19: =L19/E4 -> 0 | O19: =M19/F4 -> 0
A20: 12 | B20: PROMASK 192 | C20: 140.6 | F20: 5.1 | G20: ='04-07-26'!G20+'05-7-26'!F20 -> 27.7 | H20: =F20/E4 -> 0.048113208 | I20: =(C20-F20)+D20 -> 135.5 | J20: =G20/F4 -> 0.042812983 | K20: 377600 | L20: =(F20/1000)*K20 -> 1925.76 | M20: =(G20/1000)*K20 -> 10459.52 | N20: =L20/E4 -> 18.167547 | O20: =M20/F4 -> 16.166182
A21: 13 | B21: PROSOLVE 126 | C21: 121 | F21: 3 | G21: ='04-07-26'!G21+'05-7-26'!F21 -> 16.5 | H21: =F21/E4 -> 0.028301887 | I21: =(C21-F21)+D21 -> 118 | J21: =G21/F4 -> 0.025502318 | K21: 271400 | L21: =(F21/1000)*K21 -> 814.2 | M21: =(G21/1000)*K21 -> 4478.1 | N21: =L21/E4 -> 7.6811321 | O21: =M21/F4 -> 6.9213292
A22: 14 | B22: PROSOLVE ADV. | C22: 1744.8 | F22: 43.8 | G22: ='04-07-26'!G22+'05-7-26'!F22 -> 238.2 | H22: =F22/E4 -> 0.41320755 | I22: =(C22-F22)+D22 -> 1701 | J22: =G22/F4 -> 0.36816074 | K22: 271400 | L22: =(F22/1000)*K22 -> 11887.32 | M22: =(G22/1000)*K22 -> 64647.48 | N22: =L22/E4 -> 112.14453 | O22: =M22/F4 -> 99.918825
A23: 15 | B23: BLEACHING POWDER (S) | C23: 100 | F23: 0 | G23: ='04-07-26'!G23+'05-7-26'!F23 -> 0 | H23: =F23/E4 -> 0 | I23: =(C23-F23)+D23 -> 100 | J23: =G23/F4 -> 0 | K23: 41000 | L23: =(F23/1000)*K23 -> 0 | M23: =(G23/1000)*K23 -> 0 | N23: =L23/E4 -> 0 | O23: =M23/F4 -> 0
A24: 16 | B24: SODIUM HYPO CHLORIDE [HYPO] | C24: 367.6 | F24: 6 | G24: ='04-07-26'!G24+'05-7-26'!F24 -> 30 | H24: =F24/E4 -> 0.056603774 | I24: =(C24-F24)+D24 -> 361.6 | J24: =G24/F4 -> 0.046367852 | K24: 24000 | L24: =(F24/1000)*K24 -> 144 | M24: =(G24/1000)*K24 -> 720 | N24: =L24/E4 -> 1.3584906 | O24: =M24/F4 -> 1.1128284
A25: 17 | B25: HCL [PULP MILL] | C25: 380 | F25: 0 | G25: ='04-07-26'!G25+'05-7-26'!F25 -> 0 | H25: =F25/E4 -> 0 | I25: =(C25-F25)+D25 -> 380 | J25: =G25/F4 -> 0 | K25: 13210 | L25: =(F25/1000)*K25 -> 0 | M25: =(G25/1000)*K25 -> 0 | N25: =L25/E4 -> 0 | O25: =M25/F4 -> 0
A26: 18 | B26: HCL [BOILER] | C26: 210 | F26: 5 | G26: ='04-07-26'!G26+'05-7-26'!F26 -> 40 | H26: =F26/E4 -> 0.047169811 | I26: =(C26-F26)+D26 -> 205 | J26: =G26/F4 -> 0.061823802 | K26: 14400 | L26: =(F26/1000)*K26 -> 72 | M26: =(G26/1000)*K26 -> 576 | N26: =L26/E4 -> 0.67924528 | O26: =M26/F4 -> 0.89026275
A27: 19 | B27: pH BOOSTER [3230] (L) | C27: 190.5 | F27: 3.5 | G27: ='04-07-26'!G27+'05-7-26'!F27 -> 18 | H27: =F27/E4 -> 0.033018868 | I27: =(C27-F27)+D27 -> 187 | J27: =G27/F4 -> 0.027820711 | K27: 102000 | L27: =(F27/1000)*K27 -> 357 | M27: =(G27/1000)*K27 -> 1836 | N27: =L27/E4 -> 3.3679245 | O27: =M27/F4 -> 2.8377125
A28: 20 | B28: ANTI SCALEN [3220] (L) | C28: 160 | F28: 5 | G28: ='04-07-26'!G28+'05-7-26'!F28 -> 25 | H28: =F28/E4 -> 0.047169811 | I28: =(C28-F28)+D28 -> 155 | J28: =G28/F4 -> 0.038639876 | K28: 107000 | L28: =(F28/1000)*K28 -> 535 | M28: =(G28/1000)*K28 -> 2675 | N28: =L28/E4 -> 5.0471698 | O28: =M28/F4 -> 4.1344668
A29: 21 | B29: OXYGEN SCAVANGER [3210] (L) | C29: 157 | F29: 3 | G29: ='04-07-26'!G29+'05-7-26'!F29 -> 15 | H29: =F29/E4 -> 0.028301887 | I29: =(C29-F29)+D29 -> 154 | J29: =G29/F4 -> 0.023183926 | K29: 100000 | L29: =(F29/1000)*K29 -> 300 | M29: =(G29/1000)*K29 -> 1500 | N29: =L29/E4 -> 2.8301887 | O29: =M29/F4 -> 2.3183926
A30: 22 | B30: RO ANTI SCALEN [3291 (L) | C30: 60 | F30: 1 | G30: ='04-07-26'!G30+'05-7-26'!F30 -> 5 | H30: =F30/E4 -> 0.0094339623 | I30: =(C30-F30)+D30 -> 59 | J30: =G30/F4 -> 0.0077279753 | K30: 255000 | L30: =(F30/1000)*K30 -> 255 | M30: =(G30/1000)*K30 -> 1275 | N30: =L30/E4 -> 2.4056604 | O30: =M30/F4 -> 1.9706337
A31: 23 | B31: CAUSTIC SODA FLAKES | C31: 480 | F31: 0 | G31: ='04-07-26'!G31+'05-7-26'!F31 -> 0 | H31: =F31/E4 -> 0 | I31: =(C31-F31)+D31 -> 480 | J31: =G31/F4 -> 0 | K31: 56000 | L31: =(F31/1000)*K31 -> 0 | M31: =(G31/1000)*K31 -> 0 | N31: =M30/F4 -> 1.9706337 | O31: =M31/F4 -> 0
A32: 24 | B32: DESCALING [3250] (L) | C32: 0 | F32: 0 | G32: ='04-07-26'!G32+'05-7-26'!F32 -> 0 | H32: =F32/E4 -> 0 | I32: =(C32-F32)+D32 -> 0 | J32: =G32/F4 -> 0 | K32: 90000 | L32: =(F32/1000)*K32 -> 0 | M32: =(G32/1000)*K32 -> 0 | N32: =M31/F4 -> 0 | O32: =M32/F4 -> 0
A33: S.NO. | B33: QUALITY WISE PRODUCTION | C33: NO. OF SET | D33: PM/C PRODUCTION (MT) | M33: TOTAL | N33: =SUM(N9:N32) -> 1097.5063 | O33: =SUM(O9:O32) -> 1195.1269
A34: 1 | F34: =C34*E4/C41 -> 0 | N34: COSTING | O34: COSTING
A35: 2 | F35: =C35*E4/C41 -> 0 | N35: TODAY | O35: TO DATE
A36: 3 | B36: 140 GSM/18 BF (NATURAL) | C36: 13 | F36: =C36*E4/C41 -> 21.2 | N36: Rs./Kg. | O36: Rs./Kg.
A37: 4 | B37: 120 GSM/18 BF (NATURAL) | C37: 52 | F37: =C37*E4/C41 -> 84.8 | M37: TOTAL | N37: =N33/1000 -> 1.0975063 | O37: =O33/1000 -> 1.1951269
A38: 5
A39: 6
A40: 7
A41: 4 | B41: TOTAL | C41: =SUM(C34,C35,C36,C37,C38,C39,C40) -> 65 | D41: =SUM(F34,F35,F36,F37,F38,F39,F40) -> 106

Sheet 06-07-26
A1: SRI MK PAPER MILLS PVT. LTD.
A3: CHEMICAL CONSUMPTION / BALANCE & COSTING PER DAY & TODATE
A4: PRODUCTION ( MT ) | E4: 152 | F4: 799 | G4: 133.166 | H4: DATE : 06 - 07 - 2026
A5: PRODUCTION (MT) | C5: GOLDEN YELLOW | E5: 0 | F5: 0 | G5: 00.000(AVG)
A6: SR. | B6: CHEMICAL | C6: OPENING | D6: RECEIVED MATERIAL | F6: CONSUMED MATERIAL | H6: TODAY | I6: CHEMICAL | J6: TO DATE | K6: RATE | L6: TOTAL CONSUMED AMOUNT | N6: COSTING
A7: NO. | B7: NAME | C7: STOCK | D7: TO DAY | E7: TO DATE | F7: TO DAY | G7: TO DATE | H7: CONSUMPTION | I7: BALANCE | J7: CONSUMPTION | K7: RS.@ | L7: TODAY | M7: TO DATE | N7: TODAY | O7: TO DATE
C8: (Kgs.) | D8: (Kgs.) | E8: (Kgs.) | F8: (Kgs.) | G8: (Kgs.) | H8: (Kgs.)/MTP | I8: (Kgs.) | J8: (Kgs.)/MTP | K8: MT | L8: Rs. | M8: Rs. | N8: Rs./MTP | O8: Rs./MTP
A9: 1 | B9: STARCH | C9: 8950 | D9: 15000 | E9: 28000 | F9: 3400 | G9: ='05-7-26'!G9+'06-07-26'!F9 -> 20850 | H9: =F9/E4 -> 22.368421 | I9: =(C9-F9)+D9 -> 20550 | J9: =G9/F4 -> 26.095119 | K9: 28500 | L9: =(F9/1000)*K9 -> 96900 | M9: =(G9/1000)*K9 -> 594225 | N9: =L9/E4 -> 637.5 | O9: =M9/F4 -> 743.71089
A10: 2 | B10: PAC ( SOLID) | C10: 8079 | F10: 249 | G10: ='05-7-26'!G10+'06-07-26'!F10 -> 1170 | H10: =F10/E4 -> 1.6381579 | I10: =(C10-F10)+D10 -> 7830 | J10: =G10/F4 -> 1.4643304 | K10: 35500 | L10: =(F10/1000)*K10 -> 8839.5 | M10: =(G10/1000)*K10 -> 41535 | N10: =L10/E4 -> 58.154605 | O10: =M10/F4 -> 51.98373
A11: 3 | B11: SURFACE SIZE (700C) | C11: 6545 | F11: 72 | G11: ='05-7-26'!G11+'06-07-26'!F11 -> 347 | H11: =F11/E4 -> 0.47368421 | I11: =(C11-F11)+D11 -> 6473 | J11: =G11/F4 -> 0.43429287 | K11: 98000 | L11: =(F11/1000)*K11 -> 7056 | M11: =(G11/1000)*K11 -> 34006 | N11: =L11/E4 -> 46.421053 | O11: =M11/F4 -> 42.560701
A12: 4 | B12: ENZYME (L) | C12: 20.6 | F12: 0.08 | G12: ='05-7-26'!G12+'06-07-26'!F12 -> 0.48 | H12: =F12/E4 -> 0.00052631579 | I12: =(C12-F12)+D12 -> 20.52 | J12: =G12/F4 -> 0.00060075094 | K12: 750000 | L12: =(F12/1000)*K12 -> 60 | M12: =(G12/1000)*K12 -> 360 | N12: =L12/E4 -> 0.39473684 | O12: =M12/F4 -> 0.4505632
A13: 5 | B13: RETENTION AID (2024) | C13: 407 | F13: 23 | G13: ='05-7-26'!G13+'06-07-26'!F13 -> 116 | H13: =F13/E4 -> 0.15131579 | I13: =(C13-F13)+D13 -> 384 | J13: =G13/F4 -> 0.14518148 | K13: 350000 | L13: =(F13/1000)*K13 -> 8050 | M13: =(G13/1000)*K13 -> 40600 | N13: =L13/E4 -> 52.960526 | O13: =M13/F4 -> 50.813517
A14: 6 | B14: DEFOAMER (SE 100) | C14: 2160 | F14: 50 | G14: ='05-7-26'!G14+'06-07-26'!F14 -> 290 | H14: =F14/E4 -> 0.32894737 | I14: =(C14-F14)+D14 -> 2110 | J14: =G14/F4 -> 0.36295369 | K14: 204500 | L14: =(F14/1000)*K14 -> 10225 | M14: =(G14/1000)*K14 -> 59305 | N14: =L14/E4 -> 67.269737 | O14: =M14/F4 -> 74.22403
A15: 7 | B15: COAGULANT (CL 200) | C15: 1529 | F15: 54 | G15: ='05-7-26'!G15+'06-07-26'!F15 -> 275 | H15: =F15/E4 -> 0.35526316 | I15: =(C15-F15)+D15 -> 1475 | J15: =G15/F4 -> 0.34418023 | K15: 129500 | L15: =(F15/1000)*K15 -> 6993 | M15: =(G15/1000)*K15 -> 35612.5 | N15: =L15/E4 -> 46.006579 | O15: =M15/F4 -> 44.571339
A16: 8 | B16: KROFTA (303) | C16: 905 | F16: 20 | G16: ='05-7-26'!G16+'06-07-26'!F16 -> 100 | H16: =F16/E4 -> 0.13157895 | I16: =(C16-F16)+D16 -> 885 | J16: =G16/F4 -> 0.12515645 | K16: 219500 | L16: =(F16/1000)*K16 -> 4390 | M16: =(G16/1000)*K16 -> 21950 | N16: =L16/E4 -> 28.881579 | O16: =M16/F4 -> 27.47184
A17: 9 | B17: BELT PRESS (SUCHEM - 638 ) | C17: 21 | F17: 0 | G17: ='05-7-26'!G17+'06-07-26'!F17 -> 0 | H17: =F17/E4 -> 0 | I17: =(C17-F17)+D17 -> 21 | J17: =G17/F4 -> 0 | K17: 348200 | L17: =(F17/1000)*K17 -> 0 | M17: =(G17/1000)*K17 -> 0 | N17: =L17/E4 -> 0 | O17: =M17/F4 -> 0
A18: 10 | B18: GOLDEN YELLOW DYE | C18: 3950 | F18: 0 | G18: ='05-7-26'!G18+'06-07-26'!F18 -> 0 | H18: =F18/E4 -> 0 | I18: =(C18-F18)+D18 -> 3950 | J18: =G18/F4 -> 0 | K18: 172000 | L18: =(F18/1000)*K18 -> 0 | M18: =(G18/1000)*K18 -> 0 | N18: =L18/E4 -> 0 | O18: =M18/F4 -> 0
A19: 11 | B19: SE-BOND 102 (CRACKING AGENT) | C19: 48 | F19: 0 | G19: ='05-7-26'!G19+'06-07-26'!F19 -> 0 | H19: =F19/E4 -> 0 | I19: =(C19-F19)+D19 -> 48 | J19: =G19/F4 -> 0 | K19: 200000 | L19: =(F19/1000)*K19 -> 0 | M19: =(G19/1000)*K19 -> 0 | N19: =L19/E4 -> 0 | O19: =M19/F4 -> 0
A20: 12 | B20: PROMASK 192 | C20: 135.5 | F20: 7.2 | G20: ='05-7-26'!G20+'06-07-26'!F20 -> 34.9 | H20: =F20/E4 -> 0.047368421 | I20: =(C20-F20)+D20 -> 128.3 | J20: =G20/F4 -> 0.043679599 | K20: 377600 | L20: =(F20/1000)*K20 -> 2718.72 | M20: =(G20/1000)*K20 -> 13178.24 | N20: =L20/E4 -> 17.886316 | O20: =M20/F4 -> 16.493417
A21: 13 | B21: PROSOLVE 126 | C21: 118 | F21: 4.3 | G21: ='05-7-26'!G21+'06-07-26'!F21 -> 20.8 | H21: =F21/E4 -> 0.028289474 | I21: =(C21-F21)+D21 -> 113.7 | J21: =G21/F4 -> 0.026032541 | K21: 271400 | L21: =(F21/1000)*K21 -> 1167.02 | M21: =(G21/1000)*K21 -> 5645.12 | N21: =L21/E4 -> 7.6777632 | O21: =M21/F4 -> 7.0652315
A22: 14 | B22: PROSOLVE ADV. | C22: 1701 | F22: 61.9 | G22: ='05-7-26'!G22+'06-07-26'!F22 -> 300.1 | H22: =F22/E4 -> 0.40723684 | I22: =(C22-F22)+D22 -> 1639.1 | J22: =G22/F4 -> 0.37559449 | K22: 271400 | L22: =(F22/1000)*K22 -> 16799.66 | M22: =(G22/1000)*K22 -> 81447.14 | N22: =L22/E4 -> 110.52408 | O22: =M22/F4 -> 101.93635
A23: 15 | B23: BLEACHING POWDER (S) | C23: 100 | F23: 0 | G23: ='05-7-26'!G23+'06-07-26'!F23 -> 0 | H23: =F23/E4 -> 0 | I23: =(C23-F23)+D23 -> 100 | J23: =G23/F4 -> 0 | K23: 41000 | L23: =(F23/1000)*K23 -> 0 | M23: =(G23/1000)*K23 -> 0 | N23: =L23/E4 -> 0 | O23: =M23/F4 -> 0
A24: 16 | B24: SODIUM HYPO CHLORIDE [HYPO] | C24: 361.6 | F24: 6 | G24: ='05-7-26'!G24+'06-07-26'!F24 -> 36 | H24: =F24/E4 -> 0.039473684 | I24: =(C24-F24)+D24 -> 355.6 | J24: =G24/F4 -> 0.04505632 | K24: 24000 | L24: =(F24/1000)*K24 -> 144 | M24: =(G24/1000)*K24 -> 864 | N24: =L24/E4 -> 0.94736842 | O24: =M24/F4 -> 1.0813517
A25: 17 | B25: HCL [PULP MILL] | C25: 380 | F25: 0 | G25: ='05-7-26'!G25+'06-07-26'!F25 -> 0 | H25: =F25/E4 -> 0 | I25: =(C25-F25)+D25 -> 380 | J25: =G25/F4 -> 0 | K25: 13210 | L25: =(F25/1000)*K25 -> 0 | M25: =(G25/1000)*K25 -> 0 | N25: =L25/E4 -> 0 | O25: =M25/F4 -> 0
A26: 18 | B26: HCL [BOILER] | C26: 205 | F26: 5 | G26: ='05-7-26'!G26+'06-07-26'!F26 -> 45 | H26: =F26/E4 -> 0.032894737 | I26: =(C26-F26)+D26 -> 200 | J26: =G26/F4 -> 0.056320401 | K26: 14400 | L26: =(F26/1000)*K26 -> 72 | M26: =(G26/1000)*K26 -> 648 | N26: =L26/E4 -> 0.47368421 | O26: =M26/F4 -> 0.81101377
A27: 19 | B27: pH BOOSTER [3230] (L) | C27: 187 | F27: 3.5 | G27: ='05-7-26'!G27+'06-07-26'!F27 -> 21.5 | H27: =F27/E4 -> 0.023026316 | I27: =(C27-F27)+D27 -> 183.5 | J27: =G27/F4 -> 0.026908636 | K27: 102000 | L27: =(F27/1000)*K27 -> 357 | M27: =(G27/1000)*K27 -> 2193 | N27: =L27/E4 -> 2.3486842 | O27: =M27/F4 -> 2.7446809
A28: 20 | B28: ANTI SCALEN [3220] (L) | C28: 155 | F28: 5 | G28: ='05-7-26'!G28+'06-07-26'!F28 -> 30 | H28: =F28/E4 -> 0.032894737 | I28: =(C28-F28)+D28 -> 150 | J28: =G28/F4 -> 0.037546934 | K28: 107000 | L28: =(F28/1000)*K28 -> 535 | M28: =(G28/1000)*K28 -> 3210 | N28: =L28/E4 -> 3.5197368 | O28: =M28/F4 -> 4.0175219
A29: 21 | B29: OXYGEN SCAVANGER [3210] (L) | C29: 154 | F29: 3 | G29: ='05-7-26'!G29+'06-07-26'!F29 -> 18 | H29: =F29/E4 -> 0.019736842 | I29: =(C29-F29)+D29 -> 151 | J29: =G29/F4 -> 0.02252816 | K29: 100000 | L29: =(F29/1000)*K29 -> 300 | M29: =(G29/1000)*K29 -> 1800 | N29: =L29/E4 -> 1.9736842 | O29: =M29/F4 -> 2.252816
A30: 22 | B30: RO ANTI SCALEN [3291 (L) | C30: 59 | F30: 1 | G30: ='05-7-26'!G30+'06-07-26'!F30 -> 6 | H30: =F30/E4 -> 0.0065789474 | I30: =(C30-F30)+D30 -> 58 | J30: =G30/F4 -> 0.0075093867 | K30: 255000 | L30: =(F30/1000)*K30 -> 255 | M30: =(G30/1000)*K30 -> 1530 | N30: =L30/E4 -> 1.6776316 | O30: =M30/F4 -> 1.9148936
A31: 23 | B31: CAUSTIC SODA FLAKES | C31: 480 | F31: 0 | G31: ='05-7-26'!G31+'06-07-26'!F31 -> 0 | H31: =F31/E4 -> 0 | I31: =(C31-F31)+D31 -> 480 | J31: =G31/F4 -> 0 | K31: 56000 | L31: =(F31/1000)*K31 -> 0 | M31: =(G31/1000)*K31 -> 0 | N31: =M30/F4 -> 1.9148936 | O31: =M31/F4 -> 0
A32: 24 | B32: DESCALING [3250] (L) | C32: 0 | F32: 0 | G32: ='05-7-26'!G32+'06-07-26'!F32 -> 0 | H32: =F32/E4 -> 0 | I32: =(C32-F32)+D32 -> 0 | J32: =G32/F4 -> 0 | K32: 90000 | L32: =(F32/1000)*K32 -> 0 | M32: =(G32/1000)*K32 -> 0 | N32: =M31/F4 -> 0 | O32: =M32/F4 -> 0
A33: S.NO. | B33: QUALITY WISE PRODUCTION | C33: NO. OF SET | D33: PM/C PRODUCTION (MT) | M33: TOTAL | N33: =SUM(N9:N32) -> 1086.5327 | O33: =SUM(O9:O32) -> 1174.1039
A34: 1 | F34: =C34*E4/C41 -> 0 | N34: COSTING | O34: COSTING
A35: 2 | F35: =C35*E4/C41 -> 0 | N35: TODAY | O35: TO DATE
A36: 3 | C36: 0 | F36: =C36*E4/C41 -> 0 | N36: Rs./Kg. | O36: Rs./Kg.
A37: 4 | B37: 120 GSM/18 BF (NATURAL) | C37: 91 | F37: =C37*E4/C41 -> 152 | M37: TOTAL | N37: =N33/1000 -> 1.0865327 | O37: =O33/1000 -> 1.1741039
A38: 5
A39: 6
A40: 7
A41: 4 | B41: TOTAL | C41: =SUM(C34,C35,C36,C37,C38,C39,C40) -> 91 | D41: =SUM(F34,F35,F36,F37,F38,F39,F40) -> 152

Sheet 07-07-26
A1: SRI MK PAPER MILLS PVT. LTD.
A3: CHEMICAL CONSUMPTION / BALANCE & COSTING PER DAY & TODATE
A4: PRODUCTION ( MT ) | E4: 52 | F4: 851 | G4: 121.571 | H4: DATE : 07 - 07 - 2026
A5: PRODUCTION (MT) | C5: GOLDEN YELLOW | E5: 0 | F5: 0 | G5: 00.000(AVG)
A6: SR. | B6: CHEMICAL | C6: OPENING | D6: RECEIVED MATERIAL | F6: CONSUMED MATERIAL | H6: TODAY | I6: CHEMICAL | J6: TO DATE | K6: RATE | L6: TOTAL CONSUMED AMOUNT | N6: COSTING
A7: NO. | B7: NAME | C7: STOCK | D7: TO DAY | E7: TO DATE | F7: TO DAY | G7: TO DATE | H7: CONSUMPTION | I7: BALANCE | J7: CONSUMPTION | K7: RS.@ | L7: TODAY | M7: TO DATE | N7: TODAY | O7: TO DATE
C8: (Kgs.) | D8: (Kgs.) | E8: (Kgs.) | F8: (Kgs.) | G8: (Kgs.) | H8: (Kgs.)/MTP | I8: (Kgs.) | J8: (Kgs.)/MTP | K8: MT | L8: Rs. | M8: Rs. | N8: Rs./MTP | O8: Rs./MTP
A9: 1 | B9: STARCH | C9: 20550 | D9: 0 | E9: 28000 | F9: 1150 | G9: ='06-07-26'!G9+'07-07-26'!F9 -> 22000 | H9: =F9/E4 -> 22.115385 | I9: =(C9-F9)+D9 -> 19400 | J9: =G9/F4 -> 25.851939 | K9: 28500 | L9: =(F9/1000)*K9 -> 32775 | M9: =(G9/1000)*K9 -> 627000 | N9: =L9/E4 -> 630.28846 | O9: =M9/F4 -> 736.78026
A10: 2 | B10: PAC ( SOLID) | C10: 7830 | F10: 85 | G10: ='06-07-26'!G10+'07-07-26'!F10 -> 1255 | H10: =F10/E4 -> 1.6346154 | I10: =(C10-F10)+D10 -> 7745 | J10: =G10/F4 -> 1.4747356 | K10: 35500 | L10: =(F10/1000)*K10 -> 3017.5 | M10: =(G10/1000)*K10 -> 44552.5 | N10: =L10/E4 -> 58.028846 | O10: =M10/F4 -> 52.353114
A11: 3 | B11: SURFACE SIZE (700C) | C11: 6473 | F11: 24 | G11: ='06-07-26'!G11+'07-07-26'!F11 -> 371 | H11: =F11/E4 -> 0.46153846 | I11: =(C11-F11)+D11 -> 6449 | J11: =G11/F4 -> 0.4359577 | K11: 98000 | L11: =(F11/1000)*K11 -> 2352 | M11: =(G11/1000)*K11 -> 36358 | N11: =L11/E4 -> 45.230769 | O11: =M11/F4 -> 42.723854
A12: 4 | B12: ENZYME (L) | C12: 20.52 | F12: 0.08 | G12: ='06-07-26'!G12+'07-07-26'!F12 -> 0.56 | H12: =F12/E4 -> 0.0015384615 | I12: =(C12-F12)+D12 -> 20.44 | J12: =G12/F4 -> 0.00065804935 | K12: 750000 | L12: =(F12/1000)*K12 -> 60 | M12: =(G12/1000)*K12 -> 420 | N12: =L12/E4 -> 1.1538462 | O12: =M12/F4 -> 0.49353702
A13: 5 | B13: RETENTION AID (2024) | C13: 384 | F13: 11 | G13: ='06-07-26'!G13+'07-07-26'!F13 -> 127 | H13: =F13/E4 -> 0.21153846 | I13: =(C13-F13)+D13 -> 373 | J13: =G13/F4 -> 0.14923619 | K13: 350000 | L13: =(F13/1000)*K13 -> 3850 | M13: =(G13/1000)*K13 -> 44450 | N13: =L13/E4 -> 74.038462 | O13: =M13/F4 -> 52.232667
A14: 6 | B14: DEFOAMER (SE 100) | C14: 2110 | F14: 20 | G14: ='06-07-26'!G14+'07-07-26'!F14 -> 310 | H14: =F14/E4 -> 0.38461538 | I14: =(C14-F14)+D14 -> 2090 | J14: =G14/F4 -> 0.36427732 | K14: 204500 | L14: =(F14/1000)*K14 -> 4090 | M14: =(G14/1000)*K14 -> 63395 | N14: =L14/E4 -> 78.653846 | O14: =M14/F4 -> 74.494712
A15: 7 | B15: COAGULANT (CL 200) | C15: 1475 | F15: 20 | G15: ='06-07-26'!G15+'07-07-26'!F15 -> 295 | H15: =F15/E4 -> 0.38461538 | I15: =(C15-F15)+D15 -> 1455 | J15: =G15/F4 -> 0.346651 | K15: 129500 | L15: =(F15/1000)*K15 -> 2590 | M15: =(G15/1000)*K15 -> 38202.5 | N15: =L15/E4 -> 49.807692 | O15: =M15/F4 -> 44.891304
A16: 8 | B16: KROFTA (303) | C16: 885 | F16: 10 | G16: ='06-07-26'!G16+'07-07-26'!F16 -> 110 | H16: =F16/E4 -> 0.19230769 | I16: =(C16-F16)+D16 -> 875 | J16: =G16/F4 -> 0.12925969 | K16: 219500 | L16: =(F16/1000)*K16 -> 2195 | M16: =(G16/1000)*K16 -> 24145 | N16: =L16/E4 -> 42.211538 | O16: =M16/F4 -> 28.372503
A17: 9 | B17: BELT PRESS (SUCHEM - 638 ) | C17: 21 | F17: 0 | G17: ='06-07-26'!G17+'07-07-26'!F17 -> 0 | H17: =F17/E4 -> 0 | I17: =(C17-F17)+D17 -> 21 | J17: =G17/F4 -> 0 | K17: 348200 | L17: =(F17/1000)*K17 -> 0 | M17: =(G17/1000)*K17 -> 0 | N17: =L17/E4 -> 0 | O17: =M17/F4 -> 0
A18: 10 | B18: GOLDEN YELLOW DYE | C18: 3950 | F18: 0 | G18: ='06-07-26'!G18+'07-07-26'!F18 -> 0 | H18: =F18/E4 -> 0 | I18: =(C18-F18)+D18 -> 3950 | J18: =G18/F4 -> 0 | K18: 172000 | L18: =(F18/1000)*K18 -> 0 | M18: =(G18/1000)*K18 -> 0 | N18: =L18/E4 -> 0 | O18: =M18/F4 -> 0
A19: 11 | B19: SE-BOND 102 (CRACKING AGENT) | C19: 48 | F19: 0 | G19: ='06-07-26'!G19+'07-07-26'!F19 -> 0 | H19: =F19/E4 -> 0 | I19: =(C19-F19)+D19 -> 48 | J19: =G19/F4 -> 0 | K19: 200000 | L19: =(F19/1000)*K19 -> 0 | M19: =(G19/1000)*K19 -> 0 | N19: =L19/E4 -> 0 | O19: =M19/F4 -> 0
A20: 12 | B20: PROMASK 192 | C20: 128.3 | F20: 2.4 | G20: ='06-07-26'!G20+'07-07-26'!F20 -> 37.3 | H20: =F20/E4 -> 0.046153846 | I20: =(C20-F20)+D20 -> 125.9 | J20: =G20/F4 -> 0.043830787 | K20: 377600 | L20: =(F20/1000)*K20 -> 906.24 | M20: =(G20/1000)*K20 -> 14084.48 | N20: =L20/E4 -> 17.427692 | O20: =M20/F4 -> 16.550505
A21: 13 | B21: PROSOLVE 126 | C21: 113.7 | F21: 1.4 | G21: ='06-07-26'!G21+'07-07-26'!F21 -> 22.2 | H21: =F21/E4 -> 0.026923077 | I21: =(C21-F21)+D21 -> 112.3 | J21: =G21/F4 -> 0.026086957 | K21: 271400 | L21: =(F21/1000)*K21 -> 379.96 | M21: =(G21/1000)*K21 -> 6025.08 | N21: =L21/E4 -> 7.3069231 | O21: =M21/F4 -> 7.08
A22: 14 | B22: PROSOLVE ADV. | C22: 1639.1 | F22: 20.6 | G22: ='06-07-26'!G22+'07-07-26'!F22 -> 320.7 | H22: =F22/E4 -> 0.39615385 | I22: =(C22-F22)+D22 -> 1618.5 | J22: =G22/F4 -> 0.37685076 | K22: 271400 | L22: =(F22/1000)*K22 -> 5590.84 | M22: =(G22/1000)*K22 -> 87037.98 | N22: =L22/E4 -> 107.51615 | O22: =M22/F4 -> 102.2773
A23: 15 | B23: BLEACHING POWDER (S) | C23: 100 | F23: 0 | G23: ='06-07-26'!G23+'07-07-26'!F23 -> 0 | H23: =F23/E4 -> 0 | I23: =(C23-F23)+D23 -> 100 | J23: =G23/F4 -> 0 | K23: 41000 | L23: =(F23/1000)*K23 -> 0 | M23: =(G23/1000)*K23 -> 0 | N23: =L23/E4 -> 0 | O23: =M23/F4 -> 0
A24: 16 | B24: SODIUM HYPO CHLORIDE [HYPO] | C24: 355.6 | F24: 6 | G24: ='06-07-26'!G24+'07-07-26'!F24 -> 42 | H24: =F24/E4 -> 0.11538462 | I24: =(C24-F24)+D24 -> 349.6 | J24: =G24/F4 -> 0.049353702 | K24: 24000 | L24: =(F24/1000)*K24 -> 144 | M24: =(G24/1000)*K24 -> 1008 | N24: =L24/E4 -> 2.7692308 | O24: =M24/F4 -> 1.1844888
A25: 17 | B25: HCL [PULP MILL] | C25: 380 | F25: 0 | G25: ='06-07-26'!G25+'07-07-26'!F25 -> 0 | H25: =F25/E4 -> 0 | I25: =(C25-F25)+D25 -> 380 | J25: =G25/F4 -> 0 | K25: 13210 | L25: =(F25/1000)*K25 -> 0 | M25: =(G25/1000)*K25 -> 0 | N25: =L25/E4 -> 0 | O25: =M25/F4 -> 0
A26: 18 | B26: HCL [BOILER] | C26: 200 | F26: 5 | G26: ='06-07-26'!G26+'07-07-26'!F26 -> 50 | H26: =F26/E4 -> 0.096153846 | I26: =(C26-F26)+D26 -> 195 | J26: =G26/F4 -> 0.058754407 | K26: 14400 | L26: =(F26/1000)*K26 -> 72 | M26: =(G26/1000)*K26 -> 720 | N26: =L26/E4 -> 1.3846154 | O26: =M26/F4 -> 0.84606345
A27: 19 | B27: pH BOOSTER [3230] (L) | C27: 183.5 | F27: 3.5 | G27: ='06-07-26'!G27+'07-07-26'!F27 -> 25 | H27: =F27/E4 -> 0.067307692 | I27: =(C27-F27)+D27 -> 180 | J27: =G27/F4 -> 0.029377203 | K27: 102000 | L27: =(F27/1000)*K27 -> 357 | M27: =(G27/1000)*K27 -> 2550 | N27: =L27/E4 -> 6.8653846 | O27: =M27/F4 -> 2.9964747
A28: 20 | B28: ANTI SCALEN [3220] (L) | C28: 150 | F28: 5 | G28: ='06-07-26'!G28+'07-07-26'!F28 -> 35 | H28: =F28/E4 -> 0.096153846 | I28: =(C28-F28)+D28 -> 145 | J28: =G28/F4 -> 0.041128085 | K28: 107000 | L28: =(F28/1000)*K28 -> 535 | M28: =(G28/1000)*K28 -> 3745 | N28: =L28/E4 -> 10.288462 | O28: =M28/F4 -> 4.4007051
A29: 21 | B29: OXYGEN SCAVANGER [3210] (L) | C29: 151 | F29: 3 | G29: ='06-07-26'!G29+'07-07-26'!F29 -> 21 | H29: =F29/E4 -> 0.057692308 | I29: =(C29-F29)+D29 -> 148 | J29: =G29/F4 -> 0.024676851 | K29: 100000 | L29: =(F29/1000)*K29 -> 300 | M29: =(G29/1000)*K29 -> 2100 | N29: =L29/E4 -> 5.7692308 | O29: =M29/F4 -> 2.4676851
A30: 22 | B30: RO ANTI SCALEN [3291 (L) | C30: 58 | F30: 1 | G30: ='06-07-26'!G30+'07-07-26'!F30 -> 7 | H30: =F30/E4 -> 0.019230769 | I30: =(C30-F30)+D30 -> 57 | J30: =G30/F4 -> 0.0082256169 | K30: 255000 | L30: =(F30/1000)*K30 -> 255 | M30: =(G30/1000)*K30 -> 1785 | N30: =L30/E4 -> 4.9038462 | O30: =M30/F4 -> 2.0975323
A31: 23 | B31: CAUSTIC SODA FLAKES | C31: 480 | F31: 0 | G31: ='06-07-26'!G31+'07-07-26'!F31 -> 0 | H31: =F31/E4 -> 0 | I31: =(C31-F31)+D31 -> 480 | J31: =G31/F4 -> 0 | K31: 56000 | L31: =(F31/1000)*K31 -> 0 | M31: =(G31/1000)*K31 -> 0 | N31: =M30/F4 -> 2.0975323 | O31: =M31/F4 -> 0
A32: 24 | B32: DESCALING [3250] (L) | C32: 0 | F32: 0 | G32: ='06-07-26'!G32+'07-07-26'!F32 -> 0 | H32: =F32/E4 -> 0 | I32: =(C32-F32)+D32 -> 0 | J32: =G32/F4 -> 0 | K32: 90000 | L32: =(F32/1000)*K32 -> 0 | M32: =(G32/1000)*K32 -> 0 | N32: =M31/F4 -> 0 | O32: =M32/F4 -> 0
A33: S.NO. | B33: QUALITY WISE PRODUCTION | C33: NO. OF SET | D33: PM/C PRODUCTION (MT) | M33: TOTAL | N33: =SUM(N9:N32) -> 1145.7425 | O33: =SUM(O9:O32) -> 1172.2427
A34: 1 | F34: =C34*E4/C41 -> 0 | N34: COSTING | O34: COSTING
A35: 2 | F35: =C35*E4/C41 -> 0 | N35: TODAY | O35: TO DATE
A36: 3 | C36: 0 | F36: =C36*E4/C41 -> 0 | N36: Rs./Kg. | O36: Rs./Kg.
A37: 4 | B37: 120 GSM/18 BF (NATURAL) | C37: 30 | F37: =C37*E4/C41 -> 52 | M37: TOTAL | N37: =N33/1000 -> 1.1457425 | O37: =O33/1000 -> 1.1722427
A38: 5
A39: 6
A40: 7
A41: 4 | B41: TOTAL | C41: =SUM(C34,C35,C36,C37,C38,C39,C40) -> 30 | D41: =SUM(F34,F35,F36,F37,F38,F39,F40) -> 52

Sheet 08-07-26
A1: SRI MK PAPER MILLS PVT. LTD.
A3: CHEMICAL CONSUMPTION / BALANCE & COSTING PER DAY & TODATE
A4: PRODUCTION ( MT ) | E4: 147 | F4: 998 | G4: 118.25 | H4: DATE : 08 - 07 - 2026
A5: PRODUCTION (MT) | C5: GOLDEN YELLOW | E5: 0 | F5: 0 | G5: 00.000(AVG)
A6: SR. | B6: CHEMICAL | C6: OPENING | D6: RECEIVED MATERIAL | F6: CONSUMED MATERIAL | H6: TODAY | I6: CHEMICAL | J6: TO DATE | K6: RATE | L6: TOTAL CONSUMED AMOUNT | N6: COSTING
A7: NO. | B7: NAME | C7: STOCK | D7: TO DAY | E7: TO DATE | F7: TO DAY | G7: TO DATE | H7: CONSUMPTION | I7: BALANCE | J7: CONSUMPTION | K7: RS.@ | L7: TODAY | M7: TO DATE | N7: TODAY | O7: TO DATE
C8: (Kgs.) | D8: (Kgs.) | E8: (Kgs.) | F8: (Kgs.) | G8: (Kgs.) | H8: (Kgs.)/MTP | J8: (Kgs.)/MTP | K8: MT | L8: Rs. | M8: Rs. | N8: Rs./MTP | O8: Rs./MTP
A9: 1 | B9: STARCH | C9: 19400 | D9: 0 | E9: 28000 | F9: 3250 | G9: ='07-07-26'!G9+'08-07-26'!F9 -> 25250 | H9: =F9/E4 -> 22.108844 | I9: =(C9-F9)+D9 -> 16150 | J9: =G9/F4 -> 25.300601 | K9: 28500 | L9: =(F9/1000)*K9 -> 92625 | M9: =(G9/1000)*K9 -> 719625 | N9: =L9/E4 -> 630.10204 | O9: =M9/F4 -> 721.06713
A10: 2 | B10: PAC ( SOLID) | C10: 7745 | F10: 225 | G10: ='07-07-26'!G10+'08-07-26'!F10 -> 1480 | H10: =F10/E4 -> 1.5306122 | I10: =(C10-F10)+D10 -> 7520 | J10: =G32/F4 -> 1.4829659 | K10: 35500 | L10: =(F10/1000)*K10 -> 7987.5 | M10: =(G10/1000)*K10 -> 52540 | N10: =L10/E4 -> 54.336735 | O10: =M10/F4 -> 52.645291
A11: 3 | B11: SURFACE SIZE (700C) | C11: 6449 | F11: 66 | G11: ='07-07-26'!G11+'08-07-26'!F11 -> 437 | H11: =F11/E4 -> 0.44897959 | I11: =(C11-F11)+D11 -> 6383 | J11: =G11/F4 -> 0.43787575 | K11: 98000 | L11: =(F11/1000)*K11 -> 6468 | M11: =(G11/1000)*K11 -> 42826 | N11: =L11/E4 -> 44 | O11: =M11/F4 -> 42.911824
A12: 4 | B12: ENZYME (L) | C12: 20.44 | F12: 0.08 | G12: ='07-07-26'!G12+'08-07-26'!F12 -> 0.64 | H12: =F12/E4 -> 0.00054421769 | I12: =(C12-F12)+D12 -> 20.36 | J12: =G12/F4 -> 0.00064128257 | K12: 750000 | L12: =(F12/1000)*K12 -> 60 | M12: =(G12/1000)*K12 -> 480 | N12: =L12/E4 -> 0.40816327 | O12: =M12/F4 -> 0.48096192
A13: 5 | B13: RETENTION AID (2024) | C13: 373 | F13: 24 | G13: ='07-07-26'!G13+'08-07-26'!F13 -> 151 | H13: =F13/E4 -> 0.16326531 | I13: =(C13-F13)+D13 -> 349 | J13: =G13/F4 -> 0.15130261 | K13: 350000 | L13: =(F13/1000)*K13 -> 8400 | M13: =(G13/1000)*K13 -> 52850 | N13: =L13/E4 -> 57.142857 | O13: =M13/F4 -> 52.955912
A14: 6 | B14: DEFOAMER (SE 100) | C14: 2090 | F14: 50 | G14: ='07-07-26'!G14+'08-07-26'!F14 -> 360 | H14: =F14/E4 -> 0.34013605 | I14: =(C14-F14)+D14 -> 2040 | J14: =G14/F4 -> 0.36072144 | K14: 204500 | L14: =(F14/1000)*K14 -> 10225 | M14: =(G14/1000)*K14 -> 73620 | N14: =L14/E4 -> 69.557823 | O14: =M14/F4 -> 73.767535
A15: 7 | B15: COAGULANT (CL 200) | C15: 1455 | F15: 54 | G15: ='07-07-26'!G15+'08-07-26'!F15 -> 349 | H15: =F15/E4 -> 0.36734694 | I15: =(C15-F15)+D15 -> 1401 | J15: =G15/F4 -> 0.3496994 | K15: 129500 | L15: =(F15/1000)*K15 -> 6993 | M15: =(G15/1000)*K15 -> 45195.5 | N15: =L15/E4 -> 47.571429 | O15: =M15/F4 -> 45.286072
A16: 8 | B16: KROFTA (303) | C16: 875 | F16: 20 | G16: ='07-07-26'!G16+'08-07-26'!F16 -> 130 | H16: =F16/E4 -> 0.13605442 | I16: =(C16-F16)+D16 -> 855 | J16: =G16/F4 -> 0.13026052 | K16: 219500 | L16: =(F16/1000)*K16 -> 4390 | M16: =(G16/1000)*K16 -> 28535 | N16: =L16/E4 -> 29.863946 | O16: =M16/F4 -> 28.592184
A17: 9 | B17: BELT PRESS (SUCHEM - 638 ) | C17: 21 | F17: 0 | G17: ='07-07-26'!G17+'08-07-26'!F17 -> 0 | H17: =F17/E4 -> 0 | I17: =(C17-F17)+D17 -> 21 | J17: =G17/F4 -> 0 | K17: 348200 | L17: =(F17/1000)*K17 -> 0 | M17: =(G17/1000)*K17 -> 0 | N17: =L17/E4 -> 0 | O17: =M17/F4 -> 0
A18: 10 | B18: GOLDEN YELLOW DYE | C18: 3950 | F18: 0 | G18: ='07-07-26'!G18+'08-07-26'!F18 -> 0 | H18: =F18/E4 -> 0 | I18: =(C18-F18)+D18 -> 3950 | J18: =G18/F4 -> 0 | K18: 172000 | L18: =(F18/1000)*K18 -> 0 | M18: =(G18/1000)*K18 -> 0 | N18: =L18/E4 -> 0 | O18: =M18/F4 -> 0
A19: 11 | B19: SE-BOND 102 (CRACKING AGENT) | C19: 48 | F19: 0 | G19: ='07-07-26'!G19+'08-07-26'!F19 -> 0 | H19: =F19/E4 -> 0 | I19: =(C19-F19)+D19 -> 48 | J19: =G19/F4 -> 0 | K19: 200000 | L19: =(F19/1000)*K19 -> 0 | M19: =(G19/1000)*K19 -> 0 | N19: =L19/E4 -> 0 | O19: =M19/F4 -> 0
A20: 12 | B20: PROMASK 192 | C20: 125.9 | F20: 6.6 | G20: ='07-07-26'!G20+'08-07-26'!F20 -> 43.9 | H20: =F20/E4 -> 0.044897959 | I20: =(C20-F20)+D20 -> 119.3 | J20: =G20/F4 -> 0.043987976 | K20: 377600 | L20: =(F20/1000)*K20 -> 2492.16 | M20: =(G20/1000)*K20 -> 16576.64 | N20: =L20/E4 -> 16.953469 | O20: =M20/F4 -> 16.60986
A21: 13 | B21: PROSOLVE 126 | C21: 112.3 | F21: 3.9 | G21: ='07-07-26'!G21+'08-07-26'!F21 -> 26.1 | H21: =F21/E4 -> 0.026530612 | I21: =(C21-F21)+D21 -> 108.4 | J21: =G21/F4 -> 0.026152305 | K21: 271400 | L21: =(F21/1000)*K21 -> 1058.46 | M21: =(G21/1000)*K21 -> 7083.54 | N21: =L21/E4 -> 7.2004082 | O21: =M21/F4 -> 7.0977355
A22: 14 | B22: PROSOLVE ADV. | C22: 1618.5 | F22: 56.7 | G22: ='07-07-26'!G22+'08-07-26'!F22 -> 377.4 | H22: =F22/E4 -> 0.38571429 | I22: =(C22-F22)+D22 -> 1561.8 | J22: =G22/F4 -> 0.37815631 | K22: 271400 | L22: =(F22/1000)*K22 -> 15388.38 | M22: =(G22/1000)*K22 -> 102426.36 | N22: =L22/E4 -> 104.68286 | O22: =M22/F4 -> 102.63162
A23: 15 | B23: BLEACHING POWDER (S) | C23: 100 | F23: 0 | G23: ='07-07-26'!G23+'08-07-26'!F23 -> 0 | H23: =F23/E4 -> 0 | I23: =(C23-F23)+D23 -> 100 | J23: =G23/F4 -> 0 | K23: 41000 | L23: =(F23/1000)*K23 -> 0 | M23: =(G23/1000)*K23 -> 0 | N23: =L23/E4 -> 0 | O23: =M23/F4 -> 0
A24: 16 | B24: SODIUM HYPO CHLORIDE [HYPO] | C24: 349.6 | F24: 6 | G24: ='07-07-26'!G24+'08-07-26'!F24 -> 48 | H24: =F24/E4 -> 0.040816327 | I24: =(C24-F24)+D24 -> 343.6 | J24: =G24/F4 -> 0.048096192 | K24: 24000 | L24: =(F24/1000)*K24 -> 144 | M24: =(G24/1000)*K24 -> 1152 | N24: =L24/E4 -> 0.97959184 | O24: =M24/F4 -> 1.1543086
A25: 17 | B25: HCL [PULP MILL] | C25: 380 | F25: 0 | G25: ='07-07-26'!G25+'08-07-26'!F25 -> 0 | H25: =F25/E4 -> 0 | I25: =(C25-F25)+D25 -> 380 | J25: =G25/F4 -> 0 | K25: 13210 | L25: =(F25/1000)*K25 -> 0 | M25: =(G25/1000)*K25 -> 0 | N25: =L25/E4 -> 0 | O25: =M25/F4 -> 0
A26: 18 | B26: HCL [BOILER] | C26: 195 | F26: 5 | G26: ='07-07-26'!G26+'08-07-26'!F26 -> 55 | H26: =F26/E4 -> 0.034013605 | I26: =(C26-F26)+D26 -> 190 | J26: =G26/F4 -> 0.05511022 | K26: 14400 | L26: =(F26/1000)*K26 -> 72 | M26: =(G26/1000)*K26 -> 792 | N26: =L26/E4 -> 0.48979592 | O26: =M26/F4 -> 0.79358717
A27: 19 | B27: pH BOOSTER [3230] (L) | C27: 180 | F27: 4 | G27: ='07-07-26'!G27+'08-07-26'!F27 -> 29 | H27: =F27/E4 -> 0.027210884 | I27: =(C27-F27)+D27 -> 176 | J27: =G27/F4 -> 0.029058116 | K27: 102000 | L27: =(F27/1000)*K27 -> 408 | M27: =(G27/1000)*K27 -> 2958 | N27: =L27/E4 -> 2.7755102 | O27: =M27/F4 -> 2.9639279
A28: 20 | B28: ANTI SCALEN [3220] (L) | C28: 145 | F28: 5 | G28: ='07-07-26'!G28+'08-07-26'!F28 -> 40 | H28: =F28/E4 -> 0.034013605 | I28: =(C28-F28)+D28 -> 140 | J28: =G28/F4 -> 0.04008016 | K28: 107000 | L28: =(F28/1000)*K28 -> 535 | M28: =(G28/1000)*K28 -> 4280 | N28: =L28/E4 -> 3.6394558 | O28: =M28/F4 -> 4.2885772
A29: 21 | B29: OXYGEN SCAVANGER [3210] (L) | C29: 148 | F29: 3 | G29: ='07-07-26'!G29+'08-07-26'!F29 -> 24 | H29: =F29/E4 -> 0.020408163 | I29: =(C29-F29)+D29 -> 145 | J29: =G29/F4 -> 0.024048096 | K29: 100000 | L29: =(F29/1000)*K29 -> 300 | M29: =(G29/1000)*K29 -> 2400 | N29: =L29/E4 -> 2.0408163 | O29: =M29/F4 -> 2.4048096
A30: 22 | B30: RO ANTI SCALEN [3291 (L) | C30: 57 | F30: 1 | G30: ='07-07-26'!G30+'08-07-26'!F30 -> 8 | H30: =F30/E4 -> 0.0068027211 | I30: =(C30-F30)+D30 -> 56 | J30: =G30/F4 -> 0.0080160321 | K30: 255000 | L30: =(F30/1000)*K30 -> 255 | M30: =(G30/1000)*K30 -> 2040 | N30: =L30/E4 -> 1.7346939 | O30: =M30/F4 -> 2.0440882
A31: 23 | B31: CAUSTIC SODA FLAKES | C31: 480 | F31: 0 | G31: ='07-07-26'!G31+'08-07-26'!F31 -> 0 | H31: =F31/E4 -> 0 | I31: =(C31-F31)+D31 -> 480 | J31: =G31/F4 -> 0 | K31: 56000 | L31: =(F31/1000)*K31 -> 0 | M31: =(G31/1000)*K31 -> 0 | N31: =M30/F4 -> 2.0440882 | O31: =M31/F4 -> 0
A32: 24 | B32: DESCALING [3250] (L) | C32: 0 | F32: 0 | G32: ='07-07-26'!G10+'08-07-26'!F10 -> 1480 | H32: =F32/E4 -> 0 | I32: =(C32-F32)+D32 -> 0 | J32: =G32/F4 -> 1.4829659 | K32: 90000 | L32: =(F32/1000)*K32 -> 0 | M32: =(G32/1000)*K32 -> 133200 | N32: =M31/F4 -> 0 | O32: =M32/F4 -> 133.46693
A33: S.NO. | B33: QUALITY WISE PRODUCTION | C33: NO. OF SET | D33: PM/C PRODUCTION (MT) | M33: TOTAL | N33: =SUM(N9:N32) -> 1075.5237 | O33: =SUM(O9:O32) -> 1291.1624
A34: 1 | F34: =C34*E4/C41 -> 0 | N34: COSTING | O34: COSTING
A35: 2 | F35: =C35*E4/C41 -> 0 | N35: TODAY | O35: TO DATE
A36: 3 | C36: 0 | F36: =C36*E4/C41 -> 0 | N36: Rs./Kg. | O36: Rs./Kg.
A37: 4 | B37: 120 GSM/18 BF (NATURAL) | C37: 89 | F37: =C37*E4/C41 -> 147 | M37: TOTAL | N37: =N33/1000 -> 1.0755237 | O37: =O33/1000 -> 1.2911624
A38: 5
A39: 6
A40: 7
A41: 4 | B41: TOTAL | C41: =SUM(C34,C35,C36,C37,C38,C39,C40) -> 89 | D41: =SUM(F34,F35,F36,F37,F38,F39,F40) -> 147

Sheet 09-07-26
A1: SRI MK PAPER MILLS PVT. LTD.
A3: CHEMICAL CONSUMPTION / BALANCE & COSTING PER DAY & TODATE
A4: PRODUCTION ( MT ) | E4: 134 | F4: 1132 | G4: 125.777 | H4: DATE : 09 - 07 - 2026
A5: PRODUCTION (MT) | C5: GOLDEN YELLOW | E5: 0 | F5: 0 | G5: 00.000(AVG)
A6: SR. | B6: CHEMICAL | C6: OPENING | D6: RECEIVED MATERIAL | F6: CONSUMED MATERIAL | H6: TODAY | I6: CHEMICAL | J6: TO DATE | K6: RATE | L6: TOTAL CONSUMED AMOUNT | N6: COSTING
A7: NO. | B7: NAME | C7: STOCK | D7: TO DAY | E7: TO DATE | F7: TO DAY | G7: TO DATE | H7: CONSUMPTION | I7: BALANCE | J7: CONSUMPTION | K7: RS.@ | L7: TODAY | M7: TO DATE | N7: TODAY | O7: TO DATE
C8: (Kgs.) | D8: (Kgs.) | E8: (Kgs.) | F8: (Kgs.) | G8: (Kgs.) | H8: (Kgs.)/MTP | J8: (Kgs.)/MTP | K8: MT | L8: Rs. | M8: Rs. | N8: Rs./MTP | O8: Rs./MTP
A9: 1 | B9: STARCH | C9: 16150 | D9: 0 | E9: 28000 | F9: 3000 | G9: ='08-07-26'!G9+'09-07-26'!F9 -> 28250 | H9: =F9/E4 -> 22.38806 | I9: =(C9-F9)+D9 -> 13150 | J9: =G9/F4 -> 24.95583 | K9: 28500 | L9: =(F9/1000)*K9 -> 85500 | M9: =(G9/1000)*K9 -> 805125 | N9: =L9/E4 -> 638.0597 | O9: =M9/F4 -> 711.24117
A10: 2 | B10: PAC ( SOLID) | C10: 7520 | F10: 220 | G10: ='08-07-26'!G10+'09-07-26'!F10 -> 1700 | H10: =F10/E4 -> 1.641791 | I10: =(C10-F10)+D10 -> 7300 | J10: =G32/F4 -> 1.3074205 | K10: 35500 | L10: =(F10/1000)*K10 -> 7810 | M10: =(G10/1000)*K10 -> 60350 | N10: =L10/E4 -> 58.283582 | O10: =M10/F4 -> 53.312721
A11: 3 | B11: SURFACE SIZE (700C) | C11: 6383 | F11: 63 | G11: ='08-07-26'!G11+'09-07-26'!F11 -> 500 | H11: =F11/E4 -> 0.47014925 | I11: =(C11-F11)+D11 -> 6320 | J11: =G11/F4 -> 0.44169611 | K11: 98000 | L11: =(F11/1000)*K11 -> 6174 | M11: =(G11/1000)*K11 -> 49000 | N11: =L11/E4 -> 46.074627 | O11: =M11/F4 -> 43.286219
A12: 4 | B12: ENZYME (L) | C12: 20.36 | F12: 0.08 | G12: ='08-07-26'!G12+'09-07-26'!F12 -> 0.72 | H12: =F12/E4 -> 0.00059701493 | I12: =(C12-F12)+D12 -> 20.28 | J12: =G12/F4 -> 0.0006360424 | K12: 750000 | L12: =(F12/1000)*K12 -> 60 | M12: =(G12/1000)*K12 -> 540 | N12: =L12/E4 -> 0.44776119 | O12: =M12/F4 -> 0.4770318
A13: 5 | B13: RETENTION AID (2024) | C13: 349 | F13: 20 | G13: ='08-07-26'!G13+'09-07-26'!F13 -> 171 | H13: =F13/E4 -> 0.14925373 | I13: =(C13-F13)+D13 -> 329 | J13: =G13/F4 -> 0.15106007 | K13: 350000 | L13: =(F13/1000)*K13 -> 7000 | M13: =(G13/1000)*K13 -> 59850 | N13: =L13/E4 -> 52.238806 | O13: =M13/F4 -> 52.871025
A14: 6 | B14: DEFOAMER (SE 100) | C14: 2040 | F14: 45 | G14: ='08-07-26'!G14+'09-07-26'!F14 -> 405 | H14: =F14/E4 -> 0.3358209 | I14: =(C14-F14)+D14 -> 1995 | J14: =G14/F4 -> 0.35777385 | K14: 204500 | L14: =(F14/1000)*K14 -> 9202.5 | M14: =(G14/1000)*K14 -> 82822.5 | N14: =L14/E4 -> 68.675373 | O14: =M14/F4 -> 73.164753
A15: 7 | B15: COAGULANT (CL 200) | C15: 1401 | F15: 54 | G15: ='08-07-26'!G15+'09-07-26'!F15 -> 403 | H15: =F15/E4 -> 0.40298507 | I15: =(C15-F15)+D15 -> 1347 | J15: =G15/F4 -> 0.35600707 | K15: 129500 | L15: =(F15/1000)*K15 -> 6993 | M15: =(G15/1000)*K15 -> 52188.5 | N15: =L15/E4 -> 52.186567 | O15: =M15/F4 -> 46.102915
A16: 8 | B16: KROFTA (303) | C16: 855 | F16: 20 | G16: ='08-07-26'!G16+'09-07-26'!F16 -> 150 | H16: =F16/E4 -> 0.14925373 | I16: =(C16-F16)+D16 -> 835 | J16: =G16/F4 -> 0.13250883 | K16: 219500 | L16: =(F16/1000)*K16 -> 4390 | M16: =(G16/1000)*K16 -> 32925 | N16: =L16/E4 -> 32.761194 | O16: =M16/F4 -> 29.085689
A17: 9 | B17: BELT PRESS (SUCHEM - 638 ) | C17: 21 | F17: 0 | G17: ='08-07-26'!G17+'09-07-26'!F17 -> 0 | H17: =F17/E4 -> 0 | I17: =(C17-F17)+D17 -> 21 | J17: =G17/F4 -> 0 | K17: 348200 | L17: =(F17/1000)*K17 -> 0 | M17: =(G17/1000)*K17 -> 0 | N17: =L17/E4 -> 0 | O17: =M17/F4 -> 0
A18: 10 | B18: GOLDEN YELLOW DYE | C18: 3950 | F18: 0 | G18: ='08-07-26'!G18+'09-07-26'!F18 -> 0 | H18: =F18/E4 -> 0 | I18: =(C18-F18)+D18 -> 3950 | J18: =G18/F4 -> 0 | K18: 172000 | L18: =(F18/1000)*K18 -> 0 | M18: =(G18/1000)*K18 -> 0 | N18: =L18/E4 -> 0 | O18: =M18/F4 -> 0
A19: 11 | B19: SE-BOND 102 (CRACKING AGENT) | C19: 48 | F19: 0 | G19: ='08-07-26'!G19+'09-07-26'!F19 -> 0 | H19: =F19/E4 -> 0 | I19: =(C19-F19)+D19 -> 48 | J19: =G19/F4 -> 0 | K19: 200000 | L19: =(F19/1000)*K19 -> 0 | M19: =(G19/1000)*K19 -> 0 | N19: =L19/E4 -> 0 | O19: =M19/F4 -> 0
A20: 12 | B20: PROMASK 192 | C20: 119.3 | F20: 7.2 | G20: ='08-07-26'!G20+'09-07-26'!F20 -> 51.1 | H20: =F20/E4 -> 0.053731343 | I20: =(C20-F20)+D20 -> 112.1 | J20: =G20/F4 -> 0.045141343 | K20: 377600 | L20: =(F20/1000)*K20 -> 2718.72 | M20: =(G20/1000)*K20 -> 19295.36 | N20: =L20/E4 -> 20.288955 | O20: =M20/F4 -> 17.045371
A21: 13 | B21: PROSOLVE 126 | C21: 108.4 | F21: 4.3 | G21: ='08-07-26'!G21+'09-07-26'!F21 -> 30.4 | H21: =F21/E4 -> 0.032089552 | I21: =(C21-F21)+D21 -> 104.1 | J21: =G21/F4 -> 0.026855124 | K21: 271400 | L21: =(F21/1000)*K21 -> 1167.02 | M21: =(G21/1000)*K21 -> 8250.56 | N21: =L21/E4 -> 8.7091045 | O21: =M21/F4 -> 7.2884806
A22: 14 | B22: PROSOLVE ADV. | C22: 1561.8 | F22: 61.9 | G22: ='08-07-26'!G22+'09-07-26'!F22 -> 439.3 | H22: =F22/E4 -> 0.4619403 | I22: =(C22-F22)+D22 -> 1499.9 | J22: =G22/F4 -> 0.3880742 | K22: 271400 | L22: =(F22/1000)*K22 -> 16799.66 | M22: =(G22/1000)*K22 -> 119226.02 | N22: =L22/E4 -> 125.3706 | O22: =M22/F4 -> 105.32334
A23: 15 | B23: BLEACHING POWDER (S) | C23: 100 | F23: 0 | G23: ='08-07-26'!G23+'09-07-26'!F23 -> 0 | H23: =F23/E4 -> 0 | I23: =(C23-F23)+D23 -> 100 | J23: =G23/F4 -> 0 | K23: 41000 | L23: =(F23/1000)*K23 -> 0 | M23: =(G23/1000)*K23 -> 0 | N23: =L23/E4 -> 0 | O23: =M23/F4 -> 0
A24: 16 | B24: SODIUM HYPO CHLORIDE [HYPO] | C24: 343.6 | F24: 6 | G24: ='08-07-26'!G24+'09-07-26'!F24 -> 54 | H24: =F24/E4 -> 0.044776119 | I24: =(C24-F24)+D24 -> 337.6 | J24: =G24/F4 -> 0.04770318 | K24: 24000 | L24: =(F24/1000)*K24 -> 144 | M24: =(G24/1000)*K24 -> 1296 | N24: =L24/E4 -> 1.0746269 | O24: =M24/F4 -> 1.1448763
A25: 17 | B25: HCL [PULP MILL] | C25: 380 | F25: 0 | G25: ='08-07-26'!G25+'09-07-26'!F25 -> 0 | H25: =F25/E4 -> 0 | I25: =(C25-F25)+D25 -> 380 | J25: =G25/F4 -> 0 | K25: 13210 | L25: =(F25/1000)*K25 -> 0 | M25: =(G25/1000)*K25 -> 0 | N25: =L25/E4 -> 0 | O25: =M25/F4 -> 0
A26: 18 | B26: HCL [BOILER] | C26: 190 | F26: 5 | G26: ='08-07-26'!G26+'09-07-26'!F26 -> 60 | H26: =F26/E4 -> 0.037313433 | I26: =(C26-F26)+D26 -> 185 | J26: =G26/F4 -> 0.053003534 | K26: 14400 | L26: =(F26/1000)*K26 -> 72 | M26: =(G26/1000)*K26 -> 864 | N26: =L26/E4 -> 0.53731343 | O26: =M26/F4 -> 0.76325088
A27: 19 | B27: pH BOOSTER [3230] (L) | C27: 176 | F27: 3.5 | G27: ='08-07-26'!G27+'09-07-26'!F27 -> 32.5 | H27: =F27/E4 -> 0.026119403 | I27: =(C27-F27)+D27 -> 172.5 | J27: =G27/F4 -> 0.028710247 | K27: 102000 | L27: =(F27/1000)*K27 -> 357 | M27: =(G27/1000)*K27 -> 3315 | N27: =L27/E4 -> 2.6641791 | O27: =M27/F4 -> 2.9284452
A28: 20 | B28: ANTI SCALEN [3220] (L) | C28: 140 | F28: 5 | G28: ='08-07-26'!G28+'09-07-26'!F28 -> 45 | H28: =F28/E4 -> 0.037313433 | I28: =(C28-F28)+D28 -> 135 | J28: =G28/F4 -> 0.03975265 | K28: 107000 | L28: =(F28/1000)*K28 -> 535 | M28: =(G28/1000)*K28 -> 4815 | N28: =L28/E4 -> 3.9925373 | O28: =M28/F4 -> 4.2535336
A29: 21 | B29: OXYGEN SCAVANGER [3210] (L) | C29: 145 | F29: 3 | G29: ='08-07-26'!G29+'09-07-26'!F29 -> 27 | H29: =F29/E4 -> 0.02238806 | I29: =(C29-F29)+D29 -> 142 | J29: =G29/F4 -> 0.02385159 | K29: 100000 | L29: =(F29/1000)*K29 -> 300 | M29: =(G29/1000)*K29 -> 2700 | N29: =L29/E4 -> 2.238806 | O29: =M29/F4 -> 2.385159
A30: 22 | B30: RO ANTI SCALEN [3291 (L) | C30: 56 | F30: 1 | G30: ='08-07-26'!G30+'09-07-26'!F30 -> 9 | H30: =F30/E4 -> 0.0074626866 | I30: =(C30-F30)+D30 -> 55 | J30: =G30/F4 -> 0.00795053 | K30: 255000 | L30: =(F30/1000)*K30 -> 255 | M30: =(G30/1000)*K30 -> 2295 | N30: =L30/E4 -> 1.9029851 | O30: =M30/F4 -> 2.0273852
A31: 23 | B31: CAUSTIC SODA FLAKES | C31: 480 | F31: 0 | G31: ='08-07-26'!G31+'09-07-26'!F31 -> 0 | H31: =F31/E4 -> 0 | I31: =(C31-F31)+D31 -> 480 | J31: =G31/F4 -> 0 | K31: 56000 | L31: =(F31/1000)*K31 -> 0 | M31: =(G31/1000)*K31 -> 0 | N31: =L30/F4 -> 0.22526502 | O31: =M31/F4 -> 0
A32: 24 | B32: DESCALING [3250] (L) | C32: 0 | F32: 0 | G32: ='08-07-26'!G32+'09-07-26'!F32 -> 1480 | H32: =F32/E4 -> 0 | I32: =(C32-F32)+D32 -> 0 | J32: =G32/F4 -> 1.3074205 | K32: 90000 | L32: =(F32/1000)*K32 -> 0 | M32: =(G32/1000)*K32 -> 133200 | N32: L | O32: =M32/F4 -> 117.66784
A33: S.NO. | B33: QUALITY WISE PRODUCTION | C33: NO. OF SET | D33: PM/C PRODUCTION (MT) | M33: TOTAL | N33: =SUM(N9:N32) -> 1115.732 | O33: =SUM(O9:O32) -> 1270.3692
A34: 1 | F34: =C34*E4/C41 -> 0 | N34: COSTING | O34: COSTING
A35: 2 | F35: =C35*E4/C41 -> 0 | N35: TODAY | O35: TO DATE
A36: 3 | C36: 0 | F36: =C36*E4/C41 -> 0 | N36: Rs./Kg. | O36: Rs./Kg.
A37: 4 | B37: 120 GSM/18 BF (NATURAL) | C37: 80 | F37: =C37*E4/C41 -> 134 | M37: TOTAL | N37: =N33/1000 -> 1.115732 | O37: =O33/1000 -> 1.2703692
A38: 5
A39: 6
A40: 7
A41: 4 | B41: TOTAL | C41: =SUM(C34,C35,C36,C37,C38,C39,C40) -> 80 | D41: =SUM(F34,F35,F36,F37,F38,F39,F40) -> 134

Sheet 10-07-26
A1: SRI MK PAPER MILLS PVT. LTD.
A3: CHEMICAL CONSUMPTION / BALANCE & COSTING PER DAY & TODATE
A4: PRODUCTION ( MT ) | E4: 168 | F4: 1300 | G4: 130 | H4: DATE : 10 - 07 - 2026
A5: PRODUCTION (MT) | C5: GOLDEN YELLOW | E5: 0 | F5: 0 | G5: 00.000(AVG)
A6: SR. | B6: CHEMICAL | C6: OPENING | D6: RECEIVED MATERIAL | F6: CONSUMED MATERIAL | H6: TODAY | I6: CHEMICAL | J6: TO DATE | K6: RATE | L6: TOTAL CONSUMED AMOUNT | N6: COSTING
A7: NO. | B7: NAME | C7: STOCK | D7: TO DAY | E7: TO DATE | F7: TO DAY | G7: TO DATE | H7: CONSUMPTION | I7: BALANCE | J7: CONSUMPTION | K7: RS.@ | L7: TODAY | M7: TO DATE | N7: TODAY | O7: TO DATE
C8: (Kgs.) | D8: (Kgs.) | E8: (Kgs.) | F8: (Kgs.) | G8: (Kgs.) | H8: (Kgs.)/MTP | J8: (Kgs.)/MTP | K8: MT | L8: Rs. | M8: Rs. | N8: Rs./MTP | O8: Rs./MTP
A9: 1 | B9: STARCH | C9: 13150 | D9: 13000 | E9: 41000 | F9: 4250 | G9: ='09-07-26'!G9+'10-07-26'!F9 -> 32500 | H9: =F9/E4 -> 25.297619 | I9: =(C9-F9)+D9 -> 21900 | J9: =G9/F4 -> 25 | K9: 28500 | L9: =(F9/1000)*K9 -> 121125 | M9: =(G9/1000)*K9 -> 926250 | N9: =L9/E4 -> 720.98214 | O9: =M9/F4 -> 712.5
A10: 2 | B10: PAC ( SOLID) | C10: 7300 | F10: 260 | G10: ='09-07-26'!G10+'10-07-26'!F10 -> 1960 | H10: =F10/E4 -> 1.547619 | I10: =(C10-F10)+D10 -> 7040 | J10: =G10/F4 -> 1.5076923 | K10: 35500 | L10: =(F10/1000)*K10 -> 9230 | M10: =(G10/1000)*K10 -> 69580 | N10: =L10/E4 -> 54.940476 | O10: =M10/F4 -> 53.523077
A11: 3 | B11: SURFACE SIZE (700C) | C11: 6320 | F11: 70 | G11: ='09-07-26'!G11+'10-07-26'!F11 -> 570 | H11: =F11/E4 -> 0.41666667 | I11: =(C11-F11)+D11 -> 6250 | J11: =G11/F4 -> 0.43846154 | K11: 98000 | L11: =(F11/1000)*K11 -> 6860 | M11: =(G11/1000)*K11 -> 55860 | N11: =L11/E4 -> 40.833333 | O11: =M11/F4 -> 42.969231
A12: 4 | B12: ENZYME (L) | C12: 20.28 | F12: 0.08 | G12: ='09-07-26'!G12+'10-07-26'!F12 -> 0.8 | H12: =F12/E4 -> 0.00047619048 | I12: =(C12-F12)+D12 -> 20.2 | J12: =G12/F4 -> 0.00061538462 | K12: 750000 | L12: =(F12/1000)*K12 -> 60 | M12: =(G12/1000)*K12 -> 600 | N12: =L12/E4 -> 0.35714286 | O12: =M12/F4 -> 0.46153846
A13: 5 | B13: RETENTION AID (2024) | C13: 329 | F13: 25 | G13: ='09-07-26'!G13+'10-07-26'!F13 -> 196 | H13: =F13/E4 -> 0.14880952 | I13: =(C13-F13)+D13 -> 304 | J13: =G13/F4 -> 0.15076923 | K13: 350000 | L13: =(F13/1000)*K13 -> 8750 | M13: =(G13/1000)*K13 -> 68600 | N13: =L13/E4 -> 52.083333 | O13: =M13/F4 -> 52.769231
A14: 6 | B14: DEFOAMER (SE 100) | C14: 1995 | F14: 60 | G14: ='09-07-26'!G14+'10-07-26'!F14 -> 465 | H14: =F14/E4 -> 0.35714286 | I14: =(C14-F14)+D14 -> 1935 | J14: =G14/F4 -> 0.35769231 | K14: 204500 | L14: =(F14/1000)*K14 -> 12270 | M14: =(G14/1000)*K14 -> 95092.5 | N14: =L14/E4 -> 73.035714 | O14: =M14/F4 -> 73.148077
A15: 7 | B15: COAGULANT (CL 200) | C15: 1347 | F15: 54 | G15: ='09-07-26'!G15+'10-07-26'!F15 -> 457 | H15: =F15/E4 -> 0.32142857 | I15: =(C15-F15)+D15 -> 1293 | J15: =G15/F4 -> 0.35153846 | K15: 129500 | L15: =(F15/1000)*K15 -> 6993 | M15: =(G15/1000)*K15 -> 59181.5 | N15: =L15/E4 -> 41.625 | O15: =M15/F4 -> 45.524231
A16: 8 | B16: KROFTA (303) | C16: 835 | F16: 25 | G16: ='09-07-26'!G16+'10-07-26'!F16 -> 175 | H16: =F16/E4 -> 0.14880952 | I16: =(C16-F16)+D16 -> 810 | J16: =G16/F4 -> 0.13461538 | K16: 219500 | L16: =(F16/1000)*K16 -> 5487.5 | M16: =(G16/1000)*K16 -> 38412.5 | N16: =L16/E4 -> 32.66369 | O16: =M16/F4 -> 29.548077
A17: 9 | B17: BELT PRESS (SUCHEM - 638 ) | C17: 21 | F17: 0 | G17: ='09-07-26'!G17+'10-07-26'!F17 -> 0 | H17: =F17/E4 -> 0 | I17: =(C17-F17)+D17 -> 21 | J17: =G17/F4 -> 0 | K17: 348200 | L17: =(F17/1000)*K17 -> 0 | M17: =(G17/1000)*K17 -> 0 | N17: =L17/E4 -> 0 | O17: =M17/F4 -> 0
A18: 10 | B18: GOLDEN YELLOW DYE | C18: 3950 | F18: 0 | G18: ='09-07-26'!G18+'10-07-26'!F18 -> 0 | H18: =F18/E4 -> 0 | I18: =(C18-F18)+D18 -> 3950 | J18: =G18/F4 -> 0 | K18: 172000 | L18: =(F18/1000)*K18 -> 0 | M18: =(G18/1000)*K18 -> 0 | N18: =L18/E4 -> 0 | O18: =M18/F4 -> 0
A19: 11 | B19: SE-BOND 102 (CRACKING AGENT) | C19: 48 | F19: 0 | G19: ='09-07-26'!G19+'10-07-26'!F19 -> 0 | H19: =F19/E4 -> 0 | I19: =(C19-F19)+D19 -> 48 | J19: =G19/F4 -> 0 | K19: 200000 | L19: =(F19/1000)*K19 -> 0 | M19: =(G19/1000)*K19 -> 0 | N19: =L19/E4 -> 0 | O19: =M19/F4 -> 0
A20: 12 | B20: PROMASK 192 | C20: 112.1 | F20: 7.2 | G20: ='09-07-26'!G20+'10-07-26'!F20 -> 58.3 | H20: =F20/E4 -> 0.042857143 | I20: =(C20-F20)+D20 -> 104.9 | J20: =G20/F4 -> 0.044846154 | K20: 377600 | L20: =(F20/1000)*K20 -> 2718.72 | M20: =(G20/1000)*K20 -> 22014.08 | N20: =L20/E4 -> 16.182857 | O20: =M20/F4 -> 16.933908
A21: 13 | B21: PROSOLVE 126 | C21: 104.1 | F21: 4.3 | G21: ='09-07-26'!G21+'10-07-26'!F21 -> 34.7 | H21: =F21/E4 -> 0.025595238 | I21: =(C21-F21)+D21 -> 99.8 | J21: =G21/F4 -> 0.026692308 | K21: 271400 | L21: =(F21/1000)*K21 -> 1167.02 | M21: =(G21/1000)*K21 -> 9417.58 | N21: =L21/E4 -> 6.9465476 | O21: =M21/F4 -> 7.2442923
A22: 14 | B22: PROSOLVE ADV. | C22: 1499.9 | F22: 61.9 | G22: ='09-07-26'!G22+'10-07-26'!F22 -> 501.2 | H22: =F22/E4 -> 0.36845238 | I22: =(C22-F22)+D22 -> 1438 | J22: =G22/F4 -> 0.38553846 | K22: 271400 | L22: =(F22/1000)*K22 -> 16799.66 | M22: =(G22/1000)*K22 -> 136025.68 | N22: =L22/E4 -> 99.997976 | O22: =M22/F4 -> 104.63514
A23: 15 | B23: BLEACHING POWDER (S) | C23: 100 | F23: 0 | G23: ='09-07-26'!G23+'10-07-26'!F23 -> 0 | H23: =F23/E4 -> 0 | I23: =(C23-F23)+D23 -> 100 | J23: =G23/F4 -> 0 | K23: 41000 | L23: =(F23/1000)*K23 -> 0 | M23: =(G23/1000)*K23 -> 0 | N23: =L23/E4 -> 0 | O23: =M23/F4 -> 0
A24: 16 | B24: SODIUM HYPO CHLORIDE [HYPO] | C24: 337.6 | F24: 6 | G24: ='09-07-26'!G24+'10-07-26'!F24 -> 60 | H24: =F24/E4 -> 0.035714286 | I24: =(C24-F24)+D24 -> 331.6 | J24: =G24/F4 -> 0.046153846 | K24: 24000 | L24: =(F24/1000)*K24 -> 144 | M24: =(G24/1000)*K24 -> 1440 | N24: =L24/E4 -> 0.85714286 | O24: =M24/F4 -> 1.1076923
A25: 17 | B25: HCL [PULP MILL] | C25: 380 | F25: 0 | G25: ='09-07-26'!G25+'10-07-26'!F25 -> 0 | H25: =F25/E4 -> 0 | I25: =(C25-F25)+D25 -> 380 | J25: =G25/F4 -> 0 | K25: 13210 | L25: =(F25/1000)*K25 -> 0 | M25: =(G25/1000)*K25 -> 0 | N25: =L25/E4 -> 0 | O25: =M25/F4 -> 0
A26: 18 | B26: HCL [BOILER] | C26: 185 | F26: 5 | G26: ='09-07-26'!G26+'10-07-26'!F26 -> 65 | H26: =F26/E4 -> 0.029761905 | I26: =(C26-F26)+D26 -> 180 | J26: =G26/F4 -> 0.05 | K26: 14400 | L26: =(F26/1000)*K26 -> 72 | M26: =(G26/1000)*K26 -> 936 | N26: =L26/E4 -> 0.42857143 | O26: =M26/F4 -> 0.72
A27: 19 | B27: pH BOOSTER [3230] (L) | C27: 172.5 | F27: 3.5 | G27: ='09-07-26'!G27+'10-07-26'!F27 -> 36 | H27: =F27/E4 -> 0.020833333 | I27: =(C27-F27)+D27 -> 169 | J27: =G27/F4 -> 0.027692308 | K27: 102000 | L27: =(F27/1000)*K27 -> 357 | M27: =(G27/1000)*K27 -> 3672 | N27: =L27/E4 -> 2.125 | O27: =M27/F4 -> 2.8246154
A28: 20 | B28: ANTI SCALEN [3220] (L) | C28: 135 | F28: 5 | G28: ='09-07-26'!G28+'10-07-26'!F28 -> 50 | H28: =F28/E4 -> 0.029761905 | I28: =(C28-F28)+D28 -> 130 | J28: =G28/F4 -> 0.038461538 | K28: 107000 | L28: =(F28/1000)*K28 -> 535 | M28: =(G28/1000)*K28 -> 5350 | N28: =L28/E4 -> 3.1845238 | O28: =M28/F4 -> 4.1153846
A29: 21 | B29: OXYGEN SCAVANGER [3210] (L) | C29: 142 | F29: 3 | G29: ='09-07-26'!G29+'10-07-26'!F29 -> 30 | H29: =F29/E4 -> 0.017857143 | I29: =(C29-F29)+D29 -> 139 | J29: =G29/F4 -> 0.023076923 | K29: 100000 | L29: =(F29/1000)*K29 -> 300 | M29: =(G29/1000)*K29 -> 3000 | N29: =L29/E4 -> 1.7857143 | O29: =M29/F4 -> 2.3076923
A30: 22 | B30: RO ANTI SCALEN [3291 (L) | C30: 55 | F30: 1 | G30: ='09-07-26'!G30+'10-07-26'!F30 -> 10 | H30: =F30/E4 -> 0.005952381 | I30: =(C30-F30)+D30 -> 54 | J30: =G30/F4 -> 0.0076923077 | K30: 255000 | L30: =(F30/1000)*K30 -> 255 | M30: =(G30/1000)*K30 -> 2550 | N30: =L30/E4 -> 1.5178571 | O30: =M30/F4 -> 1.9615385
A31: 23 | B31: CAUSTIC SODA FLAKES | C31: 480 | F31: 0 | G31: ='09-07-26'!G31+'10-07-26'!F31 -> 0 | H31: =F31/E4 -> 0 | I31: =(C31-F31)+D31 -> 480 | J31: =G31/F4 -> 0 | K31: 56000 | L31: =(F31/1000)*K31 -> 0 | M31: =(G31/1000)*K31 -> 0 | N31: =L31/F4 -> 0 | O31: =M31/F4 -> 0
A32: 24 | B32: DESCALING [3250] (L) | C32: 0 | F32: 0 | G32: 0 | H32: =F32/E4 -> 0 | I32: =(C32-F32)+D32 -> 0 | J32: =G32/F4 -> 0 | K32: 90000 | L32: =(F32/1000)*K32 -> 0 | M32: =(G32/1000)*K32 -> 0 | N32: =L31/F4 -> 0 | O32: =M32/F4 -> 0
A33: S.NO. | B33: QUALITY WISE PRODUCTION | C33: NO. OF SET | D33: PM/C PRODUCTION (MT) | M33: TOTAL | N33: =SUM(N9:N32) -> 1149.547 | O33: =SUM(O9:O32) -> 1152.2937
A34: 1 | B34: 120 GSM/18 BF (NATURAL) | C34: 38 | F34: =C34*E4/C41 -> 64.484848 | N34: COSTING | O34: COSTING
A35: 2 | B35: 140 GSM/18 BF (NATURAL) | C35: 61 | F35: =C35*E4/C41 -> 103.51515 | N35: TODAY | O35: TO DATE
A36: 3 | F36: =C36*E4/C41 -> 0 | N36: Rs./Kg. | O36: Rs./Kg.
A37: 4 | F37: =C37*E4/C41 -> 0 | M37: TOTAL | N37: =N33/1000 -> 1.149547 | O37: =O33/1000 -> 1.1522937
A38: 5 | F38: =C38*E4/C41 -> 0
A39: 6 | F39: =C39*E4/C41 -> 0
A40: 7 | F40: =C40*E4/C41 -> 0
A41: 4 | B41: TOTAL | C41: =SUM(C34,C35,C36,C37,C38,C39,C40) -> 99 | D41: =SUM(F34,F35,F36,F37,F38,F39,F40) -> 168

Sheet 11-07-26
A1: SRI MK PAPER MILLS PVT. LTD.
A3: CHEMICAL CONSUMPTION / BALANCE & COSTING PER DAY & TODATE
A4: PRODUCTION ( MT ) | E4: 184 | F4: 1484 | G4: 134.909 | H4: DATE : 11 - 07 - 2026
A5: PRODUCTION (MT) | C5: GOLDEN YELLOW | E5: 0 | F5: 0 | G5: 00.000(AVG)
A6: SR. | B6: CHEMICAL | C6: OPENING | D6: RECEIVED MATERIAL | F6: CONSUMED MATERIAL | H6: TODAY | I6: CHEMICAL | J6: TO DATE | K6: RATE | L6: TOTAL CONSUMED AMOUNT | N6: COSTING
A7: NO. | B7: NAME | C7: STOCK | D7: TO DAY | E7: TO DATE | F7: TO DAY | G7: TO DATE | H7: CONSUMPTION | I7: BALANCE | J7: CONSUMPTION | K7: RS.@ | L7: TODAY | M7: TO DATE | N7: TODAY | O7: TO DATE
C8: (Kgs.) | D8: (Kgs.) | E8: (Kgs.) | F8: (Kgs.) | G8: (Kgs.) | H8: (Kgs.)/MTP | J8: (Kgs.)/MTP | K8: MT | L8: Rs. | M8: Rs. | N8: Rs./MTP | O8: Rs./MTP
A9: 1 | B9: STARCH | C9: 21900 | E9: 41000 | F9: 7000 | G9: ='10-07-26'!G9+'11-07-26'!F9 -> 39500 | H9: =F9/E4 -> 38.043478 | I9: =(C9-F9)+D9 -> 14900 | J9: =G9/F4 -> 26.617251 | K9: 28500 | L9: =(F9/1000)*K9 -> 199500 | M9: =(G9/1000)*K9 -> 1125750 | N9: =L9/E4 -> 1084.2391 | O9: =M9/F4 -> 758.59164
A10: 2 | B10: PAC ( SOLID) | C10: 7040 | F10: 240 | G10: ='10-07-26'!G10+'11-07-26'!F10 -> 2200 | H10: =F10/E4 -> 1.3043478 | I10: =(C10-F10)+D10 -> 6800 | J10: =G10/F4 -> 1.4824798 | K10: 35500 | L10: =(F10/1000)*K10 -> 8520 | M10: =(G10/1000)*K10 -> 78100 | N10: =L10/E4 -> 46.304348 | O10: =M10/F4 -> 52.628032
A11: 3 | B11: SURFACE SIZE (700C) | C11: 6250 | F11: 72 | G11: ='10-07-26'!G11+'11-07-26'!F11 -> 642 | H11: =F11/E4 -> 0.39130435 | I11: =(C11-F11)+D11 -> 6178 | J11: =G11/F4 -> 0.43261456 | K11: 98000 | L11: =(F11/1000)*K11 -> 7056 | M11: =(G11/1000)*K11 -> 62916 | N11: =L11/E4 -> 38.347826 | O11: =M11/F4 -> 42.396226
A12: 4 | B12: ENZYME (L) | C12: 20.2 | F12: 0.08 | G12: ='10-07-26'!G12+'11-07-26'!F12 -> 0.88 | H12: =F12/E4 -> 0.00043478261 | I12: =(C12-F12)+D12 -> 20.12 | J12: =G12/F4 -> 0.00059299191 | K12: 750000 | L12: =(F12/1000)*K12 -> 60 | M12: =(G12/1000)*K12 -> 660 | N12: =L12/E4 -> 0.32608696 | O12: =M12/F4 -> 0.44474394
A13: 5 | B13: RETENTION AID (2024) | C13: 304 | F13: 28 | G13: ='10-07-26'!G13+'11-07-26'!F13 -> 224 | H13: =F13/E4 -> 0.15217391 | I13: =(C13-F13)+D13 -> 276 | J13: =G13/F4 -> 0.1509434 | K13: 350000 | L13: =(F13/1000)*K13 -> 9800 | M13: =(G13/1000)*K13 -> 78400 | N13: =L13/E4 -> 53.26087 | O13: =M13/F4 -> 52.830189
A14: 6 | B14: DEFOAMER (SE 100) | C14: 1935 | F14: 50 | G14: ='10-07-26'!G14+'11-07-26'!F14 -> 515 | H14: =F14/E4 -> 0.27173913 | I14: =(C14-F14)+D14 -> 1885 | J14: =G14/F4 -> 0.34703504 | K14: 204500 | L14: =(F14/1000)*K14 -> 10225 | M14: =(G14/1000)*K14 -> 105317.5 | N14: =L14/E4 -> 55.570652 | O14: =M14/F4 -> 70.968666
A15: 7 | B15: COAGULANT (CL 200) | C15: 1293 | F15: 54 | G15: ='10-07-26'!G15+'11-07-26'!F15 -> 511 | H15: =F15/E4 -> 0.29347826 | I15: =(C15-F15)+D15 -> 1239 | J15: =G15/F4 -> 0.34433962 | K15: 129500 | L15: =(F15/1000)*K15 -> 6993 | M15: =(G15/1000)*K15 -> 66174.5 | N15: =L15/E4 -> 38.005435 | O15: =M15/F4 -> 44.591981
A16: 8 | B16: KROFTA (303) | C16: 810 | F16: 20 | G16: ='10-07-26'!G16+'11-07-26'!F16 -> 195 | H16: =F16/E4 -> 0.10869565 | I16: =(C16-F16)+D16 -> 790 | J16: =G16/F4 -> 0.13140162 | K16: 219500 | L16: =(F16/1000)*K16 -> 4390 | M16: =(G16/1000)*K16 -> 42802.5 | N16: =L16/E4 -> 23.858696 | O16: =M16/F4 -> 28.842655
A17: 9 | B17: BELT PRESS (SUCHEM - 638 ) | C17: 21 | F17: 0 | G17: ='10-07-26'!G17+'11-07-26'!F17 -> 0 | H17: =F17/E4 -> 0 | I17: =(C17-F17)+D17 -> 21 | J17: =G17/F4 -> 0 | K17: 348200 | L17: =(F17/1000)*K17 -> 0 | M17: =(G17/1000)*K17 -> 0 | N17: =L17/E4 -> 0 | O17: =M17/F4 -> 0
A18: 10 | B18: GOLDEN YELLOW DYE | C18: 3950 | F18: 0 | G18: ='10-07-26'!G18+'11-07-26'!F18 -> 0 | H18: =F18/E4 -> 0 | I18: =(C18-F18)+D18 -> 3950 | J18: =G18/F4 -> 0 | K18: 172000 | L18: =(F18/1000)*K18 -> 0 | M18: =(G18/1000)*K18 -> 0 | N18: =L18/E4 -> 0 | O18: =M18/F4 -> 0
A19: 11 | B19: SE-BOND 102 (CRACKING AGENT) | C19: 48 | F19: 0 | G19: ='10-07-26'!G19+'11-07-26'!F19 -> 0 | H19: =F19/E4 -> 0 | I19: =(C19-F19)+D19 -> 48 | J19: =G19/F4 -> 0 | K19: 200000 | L19: =(F19/1000)*K19 -> 0 | M19: =(G19/1000)*K19 -> 0 | N19: =L19/E4 -> 0 | O19: =M19/F4 -> 0
A20: 12 | B20: PROMASK 192 | C20: 104.9 | F20: 7.2 | G20: ='10-07-26'!G20+'11-07-26'!F20 -> 65.5 | H20: =F20/E4 -> 0.039130435 | I20: =(C20-F20)+D20 -> 97.7 | J20: =G20/F4 -> 0.044137466 | K20: 377600 | L20: =(F20/1000)*K20 -> 2718.72 | M20: =(G20/1000)*K20 -> 24732.8 | N20: =L20/E4 -> 14.775652 | O20: =M20/F4 -> 16.666307
A21: 13 | B21: PROSOLVE 126 | C21: 99.8 | F21: 4.3 | G21: ='10-07-26'!G21+'11-07-26'!F21 -> 39 | H21: =F21/E4 -> 0.023369565 | I21: =(C21-F21)+D21 -> 95.5 | J21: =G21/F4 -> 0.026280323 | K21: 271400 | L21: =(F21/1000)*K21 -> 1167.02 | M21: =(G21/1000)*K21 -> 10584.6 | N21: =L21/E4 -> 6.3425 | O21: =M21/F4 -> 7.1324798
A22: 14 | B22: PROSOLVE ADV. | C22: 1438 | F22: 61.9 | G22: ='10-07-26'!G22+'11-07-26'!F22 -> 563.1 | H22: =F22/E4 -> 0.33641304 | I22: =(C22-F22)+D22 -> 1376.1 | J22: =G22/F4 -> 0.37944744 | K22: 271400 | L22: =(F22/1000)*K22 -> 16799.66 | M22: =(G22/1000)*K22 -> 152825.34 | N22: =L22/E4 -> 91.3025 | O22: =M22/F4 -> 102.98204
A23: 15 | B23: BLEACHING POWDER (S) | C23: 100 | F23: 0 | G23: ='10-07-26'!G23+'11-07-26'!F23 -> 0 | H23: =F23/E4 -> 0 | I23: =(C23-F23)+D23 -> 100 | J23: =G23/F4 -> 0 | K23: 41000 | L23: =(F23/1000)*K23 -> 0 | M23: =(G23/1000)*K23 -> 0 | N23: =L23/E4 -> 0 | O23: =M23/F4 -> 0
A24: 16 | B24: SODIUM HYPO CHLORIDE [HYPO] | C24: 331.6 | F24: 6 | G24: ='10-07-26'!G24+'11-07-26'!F24 -> 66 | H24: =F24/E4 -> 0.032608696 | I24: =(C24-F24)+D24 -> 325.6 | J24: =G24/F4 -> 0.044474394 | K24: 24000 | L24: =(F24/1000)*K24 -> 144 | M24: =(G24/1000)*K24 -> 1584 | N24: =L24/E4 -> 0.7826087 | O24: =M24/F4 -> 1.0673854
A25: 17 | B25: HCL [PULP MILL] | C25: 380 | F25: 0 | G25: ='10-07-26'!G25+'11-07-26'!F25 -> 0 | H25: =F25/E4 -> 0 | I25: =(C25-F25)+D25 -> 380 | J25: =G25/F4 -> 0 | K25: 13210 | L25: =(F25/1000)*K25 -> 0 | M25: =(G25/1000)*K25 -> 0 | N25: =L25/E4 -> 0 | O25: =M25/F4 -> 0
A26: 18 | B26: HCL [BOILER] | C26: 180 | F26: 5 | G26: ='10-07-26'!G26+'11-07-26'!F26 -> 70 | H26: =F26/E4 -> 0.027173913 | I26: =(C26-F26)+D26 -> 175 | J26: =G26/F4 -> 0.047169811 | K26: 14400 | L26: =(F26/1000)*K26 -> 72 | M26: =(G26/1000)*K26 -> 1008 | N26: =L26/E4 -> 0.39130435 | O26: =M26/F4 -> 0.67924528
A27: 19 | B27: pH BOOSTER [3230] (L) | C27: 169 | F27: 3.5 | G27: ='10-07-26'!G27+'11-07-26'!F27 -> 39.5 | H27: =F27/E4 -> 0.019021739 | I27: =(C27-F27)+D27 -> 165.5 | J27: =G27/F4 -> 0.026617251 | K27: 102000 | L27: =(F27/1000)*K27 -> 357 | M27: =(G27/1000)*K27 -> 4029 | N27: =L27/E4 -> 1.9402174 | O27: =M27/F4 -> 2.7149596
A28: 20 | B28: ANTI SCALEN [3220] (L) | C28: 130 | F28: 5 | G28: ='10-07-26'!G28+'11-07-26'!F28 -> 55 | H28: =F28/E4 -> 0.027173913 | I28: =(C28-F28)+D28 -> 125 | J28: =G28/F4 -> 0.037061995 | K28: 107000 | L28: =(F28/1000)*K28 -> 535 | M28: =(G28/1000)*K28 -> 5885 | N28: =L28/E4 -> 2.9076087 | O28: =M28/F4 -> 3.9656334
A29: 21 | B29: OXYGEN SCAVANGER [3210] (L) | C29: 139 | F29: 3 | G29: ='10-07-26'!G29+'11-07-26'!F29 -> 33 | H29: =F29/E4 -> 0.016304348 | I29: =(C29-F29)+D29 -> 136 | J29: =G29/F4 -> 0.022237197 | K29: 100000 | L29: =(F29/1000)*K29 -> 300 | M29: =(G29/1000)*K29 -> 3300 | N29: =L29/E4 -> 1.6304348 | O29: =M29/F4 -> 2.2237197
A30: 22 | B30: RO ANTI SCALEN [3291 (L) | C30: 54 | F30: 1 | G30: ='10-07-26'!G30+'11-07-26'!F30 -> 11 | H30: =F30/E4 -> 0.0054347826 | I30: =(C30-F30)+D30 -> 53 | J30: =G30/F4 -> 0.0074123989 | K30: 255000 | L30: =(F30/1000)*K30 -> 255 | M30: =(G30/1000)*K30 -> 2805 | N30: =L30/E4 -> 1.3858696 | O30: =M30/F4 -> 1.8901617
A31: 23 | B31: CAUSTIC SODA FLAKES | C31: 480 | F31: 0 | G31: ='10-07-26'!G31+'11-07-26'!F31 -> 0 | H31: =F31/E4 -> 0 | I31: =(C31-F31)+D31 -> 480 | J31: =G31/F4 -> 0 | K31: 56000 | L31: =(F31/1000)*K31 -> 0 | M31: =(G31/1000)*K31 -> 0 | N31: =M30/F4 -> 1.8901617 | O31: =M31/F4 -> 0
A32: 24 | B32: DESCALING [3250] (L) | C32: 0 | F32: 0 | G32: ='10-07-26'!G32+'11-07-26'!F32 -> 0 | H32: =F32/E4 -> 0 | I32: =(C32-F32)+D32 -> 0 | J32: =G32/F4 -> 0 | K32: 90000 | L32: =(F32/1000)*K32 -> 0 | M32: =(G32/1000)*K32 -> 0 | N32: =M31/F4 -> 0 | O32: =M32/F4 -> 0
A33: S.NO. | B33: QUALITY WISE PRODUCTION | C33: NO. OF SET | D33: PM/C PRODUCTION (MT) | M33: TOTAL | N33: =SUM(N9:N32) -> 1463.2619 | O33: =SUM(O9:O32) -> 1190.6161
A34: 1 | B34: 140 GSM/18 BF (NATURAL) | C34: 11 | F34: =C34*E4/C41 -> 18.4 | N34: COSTING | O34: COSTING
A35: 2 | B35: 150 GSM/18 BF (NATURAL) | C35: 5 | F35: =C35*E4/C41 -> 8.3636364 | N35: TODAY | O35: TO DATE
A36: 3 | B36: 150 GSM/20 BF (NATURAL) | C36: 24 | F36: =C36*E4/C41 -> 40.145455 | N36: Rs./Kg. | O36: Rs./Kg.
A37: 4 | B37: 150 GSM/22 BF (NATURAL) | C37: 15 | F37: =C37*E4/C41 -> 25.090909 | M37: TOTAL | N37: =N33/1000 -> 1.4632619 | O37: =O33/1000 -> 1.1906161
A38: 5 | B38: 180 GSM/18 BF (NATURAL) | C38: 5 | F38: =C38*E4/C41 -> 8.3636364
A39: 6 | B39: 180 GSM/22 BF (NATURAL) | C39: 41 | F39: =C39*E4/C41 -> 68.581818
A40: 7 | B40: 170 GSM/20 BF (NATURAL) | C40: 9 | F40: =C40*E4/C41 -> 15.054545
A41: 4 | B41: TOTAL | C41: =SUM(C34,C35,C36,C37,C38,C39,C40) -> 110 | D41: =SUM(F34,F35,F36,F37,F38,F39,F40) -> 184

Sheet 12-7-26
A3: SRI MK PAPER MILLS PVT. LTD.
A5: CHEMICAL CONSUMPTION / BALANCE & COSTING PER DAY & TODATE
A6: PRODUCTION ( MT ) | E6: 165 | F6: 1649 | G6: 137.416 | H6: DATE : 12 - 07 - 2026
A7: PRODUCTION (MT) | C7: GOLDEN YELLOW | E7: 0 | F7: 0 | G7: 000.000(AVG)
A8: SR. | B8: CHEMICAL | C8: OPENING | D8: RECEIVED MATERIAL | F8: CONSUMED MATERIAL | H8: TODAY | I8: CHEMICAL | J8: TO DATE | K8: RATE | L8: TOTAL CONSUMED AMOUNT | N8: COSTING
A9: NO. | B9: NAME | C9: STOCK | D9: TO DAY | E9: TO DATE | F9: TO DAY | G9: TO DATE | H9: CONSUMPTION | I9: BALANCE | J9: CONSUMPTION | K9: RS.@ | L9: TODAY | M9: TO DATE | N9: TODAY | O9: TO DATE
C10: (Kgs.) | D10: (Kgs.) | E10: (Kgs.) | F10: (Kgs.) | G10: (Kgs.) | H10: (Kgs.)/MTP | I10: (Kgs.) | J10: (Kgs.)/MTP | K10: MT | L10: Rs. | M10: Rs. | N10: Rs./MTP | O10: Rs./MTP
A11: 1 | B11: STARCH | C11: 14900 | E11: 41000 | F11: 4000 | G11: ='11-07-26'!G9+'12-7-26'!F11 -> 43500 | H11: =F11/E6 -> 24.242424 | I11: =(C11-F11)+D11 -> 10900 | J11: =G11/F6 -> 26.379624 | K11: 28500 | L11: =(F11/1000)*K11 -> 114000 | M11: =(G11/1000)*K11 -> 1239750 | N11: =L11/E6 -> 690.90909 | O11: =M11/F6 -> 751.81928
A12: 2 | B12: PAC ( SOLID) | C12: 6800 | F12: 230 | G12: ='11-07-26'!G10+'12-7-26'!F12 -> 2430 | H12: =F12/E6 -> 1.3939394 | I12: =(C12-F12)+D12 -> 6570 | J12: =G12/F6 -> 1.4736204 | K12: 33500 | L12: =(F12/1000)*K12 -> 7705 | M12: =(G12/1000)*K12 -> 81405 | N12: =L12/E6 -> 46.69697 | O12: =M12/F6 -> 49.366283
A13: 3 | B13: SURFACE SIZE (700C) | C13: 6178 | F13: 66 | G13: ='11-07-26'!G11+'12-7-26'!F13 -> 708 | H13: =F13/E6 -> 0.4 | I13: =(C13-F13)+D13 -> 6112 | J13: =G13/F6 -> 0.42935112 | K13: 98000 | L13: =(F13/1000)*K13 -> 6468 | M13: =(G13/1000)*K13 -> 69384 | N13: =L13/E6 -> 39.2 | O13: =M13/F6 -> 42.07641
A14: 4 | B14: ENZYME (L) | C14: 20.92 | F14: 0.08 | G14: ='11-07-26'!G12+'12-7-26'!F14 -> 0.96 | H14: =F14/E6 -> 0.00048484848 | I14: =(C14-F14)+D14 -> 20.84 | J14: =G14/F6 -> 0.00058217101 | K14: 750000 | L14: =(F14/1000)*K14 -> 60 | M14: =(G14/1000)*K14 -> 720 | N14: =L14/E6 -> 0.36363636 | O14: =M14/F6 -> 0.43662826
A15: 5 | B15: RETENTION AID (2024) | C15: 276 | F15: 27 | G15: ='11-07-26'!G13+'12-7-26'!F15 -> 251 | H15: =F15/E6 -> 0.16363636 | I15: =(C15-F15)+D15 -> 249 | J15: =G15/F6 -> 0.15221346 | K15: 350000 | L15: =(F15/1000)*K15 -> 9450 | M15: =(G15/1000)*K15 -> 87850 | N15: =L15/E6 -> 57.272727 | O15: =M15/F6 -> 53.274712
A16: 6 | B16: DEFOAMER (SE 100) | C16: 1891 | F16: 45 | G16: ='11-07-26'!G14+'12-7-26'!F16 -> 560 | H16: =F16/E6 -> 0.27272727 | I16: =(C16-F16)+D16 -> 1846 | J16: =G16/F6 -> 0.33959976 | K16: 204500 | L16: =(F16/1000)*K16 -> 9202.5 | M16: =(G16/1000)*K16 -> 114520 | N16: =L16/E6 -> 55.772727 | O16: =M16/F6 -> 69.44815
A17: 7 | B17: COAGULANT (CL 200) | C17: 1239 | F17: 54 | G17: ='11-07-26'!G15+'12-7-26'!F17 -> 565 | H17: =F17/E6 -> 0.32727273 | I17: =(C17-F17)+D17 -> 1185 | J17: =G17/F6 -> 0.3426319 | K17: 129500 | L17: =(F17/1000)*K17 -> 6993 | M17: =(G17/1000)*K17 -> 73167.5 | N17: =L17/E6 -> 42.381818 | O17: =M17/F6 -> 44.370831
A18: 8 | B18: KROFTA (303) | C18: 790 | F18: 20 | G18: ='11-07-26'!G16+'12-7-26'!F18 -> 215 | H18: =F18/E6 -> 0.12121212 | I18: =(C18-F18)+D18 -> 770 | J18: =G18/F6 -> 0.13038205 | K18: 219500 | L18: =(F18/1000)*K18 -> 4390 | M18: =(G18/1000)*K18 -> 47192.5 | N18: =L18/E6 -> 26.606061 | O18: =M18/F6 -> 28.61886
A19: 9 | B19: BELT PRESS (SUCHEM - 638 ) | C19: 20 | F19: 0 | G19: ='11-07-26'!G17+'12-7-26'!F19 -> 0 | H19: =F19/E6 -> 0 | I19: =(C19-F19)+D19 -> 20 | J19: =G19/F6 -> 0 | K19: 348200 | L19: =(F19/1000)*K19 -> 0 | M19: =(G19/1000)*K19 -> 0 | N19: =L19/E6 -> 0 | O19: =M19/F6 -> 0
A20: 10 | B20: GOLDEN YELLOW DYE | C20: 3950 | F20: 0 | G20: ='11-07-26'!G18+'12-7-26'!F20 -> 0 | H20: =F20/E6 -> 0 | I20: =(C20-F20)+D20 -> 3950 | J20: =G20/F6 -> 0 | K20: 172000 | L20: =(F20/1000)*K20 -> 0 | M20: =(G20/1000)*K20 -> 0 | N20: =L20/E6 -> 0 | O20: =M20/F6 -> 0
A21: 11 | B21: SE-BOND 102 (CRACKING AGENT) | C21: 48 | F21: 0 | G21: ='11-07-26'!G19+'12-7-26'!F21 -> 0 | H21: =F21/E6 -> 0 | I21: =(C21-F21)+D21 -> 48 | J21: =G21/F6 -> 0 | K21: 200000 | L21: =(F21/1000)*K21 -> 0 | M21: =(G21/1000)*K21 -> 0 | N21: =L21/E6 -> 0 | O21: =M21/F6 -> 0
A22: 12 | B22: PROMASK 192 | C22: 97.7 | F22: 7.2 | G22: ='11-07-26'!G20+'12-7-26'!F22 -> 72.7 | H22: =F22/E6 -> 0.043636364 | I22: =(C22-F22)+D22 -> 90.5 | J22: =G22/F6 -> 0.044087326 | K22: 377600 | L22: =(F22/1000)*K22 -> 2718.72 | M22: =(G22/1000)*K22 -> 27451.52 | N22: =L22/E6 -> 16.477091 | O22: =M22/F6 -> 16.647374
A23: 13 | B23: PROSOLVE 126 | C23: 95.5 | F23: 3.9 | G23: ='11-07-26'!G21+'12-7-26'!F23 -> 42.9 | H23: =F23/E6 -> 0.023636364 | I23: =(C23-F23)+D23 -> 91.6 | J23: =G23/F6 -> 0.026015767 | K23: 271400 | L23: =(F23/1000)*K23 -> 1058.46 | M23: =(G23/1000)*K23 -> 11643.06 | N23: =L23/E6 -> 6.4149091 | O23: =M23/F6 -> 7.0606792
A24: 14 | B24: PROSOLVE ADV. | C24: 1376.1 | F24: 56.7 | G24: ='11-07-26'!G22+'12-7-26'!F24 -> 619.8 | H24: =F24/E6 -> 0.34363636 | I24: =(C24-F24)+D24 -> 1319.4 | J24: =G24/F6 -> 0.37586416 | K24: 271400 | L24: =(F24/1000)*K24 -> 15388.38 | M24: =(G24/1000)*K24 -> 168213.72 | N24: =L24/E6 -> 93.262909 | O24: =M24/F6 -> 102.00953
A25: 15 | B25: BLEACHING POWDER (S) | C25: 97 | F25: 3 | G25: ='11-07-26'!G23+'12-7-26'!F25 -> 3 | H25: =F25/E6 -> 0.018181818 | I25: =(C25-F25)+D25 -> 94 | J25: =G25/F6 -> 0.0018192844 | K25: 41000 | L25: =(F25/1000)*K25 -> 123 | M25: =(G25/1000)*K25 -> 123 | N25: =L25/E6 -> 0.74545455 | O25: =M25/F6 -> 0.074590661
A26: 16 | B26: SODIUM HYPO CHLORIDE [HYPO] | C26: 379.6 | F26: 6 | G26: ='11-07-26'!G24+'12-7-26'!F26 -> 72 | H26: =F26/E6 -> 0.036363636 | I26: =(C26-F26)+D26 -> 373.6 | J26: =G26/F6 -> 0.043662826 | K26: 24000 | L26: =(F26/1000)*K26 -> 144 | M26: =(G26/1000)*K26 -> 1728 | N26: =L26/E6 -> 0.87272727 | O26: =M26/F6 -> 1.0479078
A27: 17 | B27: HCL [PULP MILL] | C27: 380 | F27: 0 | G27: ='11-07-26'!G25+'12-7-26'!F27 -> 0 | H27: =F27/E6 -> 0 | I27: =(C27-F27)+D27 -> 380 | J27: =G27/F6 -> 0 | K27: 13210 | L27: =(F27/1000)*K27 -> 0 | M27: =(G27/1000)*K27 -> 0 | N27: =L27/E6 -> 0 | O27: =M27/F6 -> 0
A28: 18 | B28: HCL [BOILER] | C28: 180 | F28: 5 | G28: ='11-07-26'!G26+'12-7-26'!F28 -> 75 | H28: =F28/E6 -> 0.03030303 | I28: =(C28-F28)+D28 -> 175 | J28: =G28/F6 -> 0.04548211 | K28: 14400 | L28: =(F28/1000)*K28 -> 72 | M28: =(G28/1000)*K28 -> 1080 | N28: =L28/E6 -> 0.43636364 | O28: =M28/F6 -> 0.65494239
A29: 19 | B29: pH BOOSTER [3230] (L) | C29: 165.9 | F29: 3.5 | G29: ='11-07-26'!G27+'12-7-26'!F29 -> 43 | H29: =F29/E6 -> 0.021212121 | I29: =(C29-F29)+D29 -> 162.4 | J29: =G29/F6 -> 0.02607641 | K29: 102000 | L29: =(F29/1000)*K29 -> 357 | M29: =(G29/1000)*K29 -> 4386 | N29: =L29/E6 -> 2.1636364 | O29: =M29/F6 -> 2.6597938
A30: 20 | B30: ANTI SCALEN [3220] (L) | C30: 125 | F30: 5 | G30: ='11-07-26'!G28+'12-7-26'!F30 -> 60 | H30: =F30/E6 -> 0.03030303 | I30: =(C30-F30)+D30 -> 120 | J30: =G30/F6 -> 0.036385688 | K30: 107000 | L30: =(F30/1000)*K30 -> 535 | M30: =(G30/1000)*K30 -> 6420 | N30: =L30/E6 -> 3.2424242 | O30: =M30/F6 -> 3.8932686
A31: 21 | B31: OXYGEN SCAVANGER [3210] (L) | C31: 136 | F31: 3 | G31: ='11-07-26'!G29+'12-7-26'!F31 -> 36 | H31: =F31/E6 -> 0.018181818 | I31: =(C31-F31)+D31 -> 133 | J31: =G31/F6 -> 0.021831413 | K31: 100000 | L31: =(F31/1000)*K31 -> 300 | M31: =(G31/1000)*K31 -> 3600 | N31: =L31/E6 -> 1.8181818 | O31: =M31/F6 -> 2.1831413
A32: 22 | B32: RO ANTI SCALEN [3291 (L) | C32: 53 | F32: 1 | G32: ='11-07-26'!G30+'12-7-26'!F32 -> 12 | H32: =F32/E6 -> 0.0060606061 | I32: =(C32-F32)+D32 -> 52 | J32: =G32/F6 -> 0.0072771377 | K32: 255000 | L32: =(F32/1000)*K32 -> 255 | M32: =(G32/1000)*K32 -> 3060 | N32: =L32/E6 -> 1.5454545 | O32: =M32/F6 -> 1.8556701
A33: 23 | B33: CAUSTIC SODA FLAKES | C33: 480 | F33: 0 | G33: ='11-07-26'!G31+'12-7-26'!F33 -> 0 | H33: =F33/E6 -> 0 | I33: =(C33-F33)+D33 -> 480 | J33: =G33/F6 -> 0 | K33: 56000 | L33: =(F33/1000)*K33 -> 0 | M33: =(G33/1000)*K33 -> 0 | N33: =L32/F6 -> 0.15463918 | O33: =M33/F6 -> 0
A34: 24 | B34: DESCALING [3250] (L) | C34: 0 | F34: 0 | G34: ='11-07-26'!G32+'12-7-26'!F34 -> 0 | H34: =F34/E6 -> 0 | I34: =(C34-F34)+D34 -> 0 | J34: =G34/F6 -> 0 | K34: 90000 | L34: =(F34/1000)*K34 -> 0 | M34: =(G34/1000)*K34 -> 0 | N34: =L33/F6 -> 0 | O34: =M34/F6 -> 0
A35: S.NO. | B35: QUALITY WISE PRODUCTION | C35: NO. OF SET | D35: PM/C PRODUCTION (MT) | M35: TOTAL | N35: =SUM(N11,N12,N13,N14,N15,N16,N17,N18,N19,N20,N21,N22,N23,N24,N25,N26,N27,N28,N29,N30,N31,N32,N33,N34) -> 1086.3368 | O35: =SUM(O11,O12,O13,O14,O15,O16,O17,O18,O19,O20,O21,O22,O23,O24,O25,O26,O27,O28,O29,O30,O31,O32,O33,O34,) -> 1177.4981
A36: 1 | B36: 140 GSM/18 BF (NATURAL) | C36: 67 | F36: 111.5 | N36: COSTING | O36: COSTING
A37: 2 | B37: 150 GSM/18 BF (NATURAL) | C37: 29 | F37: 48.5 | N37: TODAY | O37: TO DATE
A38: 4 | B38: 120 GSM/18 BF NATURAL | C38: 3 | F38: 5 | M38: TOTAL | N38: =N35/1000 -> 1.0863368 | O38: =O35/1000 -> 1.1774981
A39: 4 | B39: TOTAL | C39: =SUM(C36,C37,C38) -> 99 | D39: =SUM(F36,F37,F38) -> 165

Sheet 13-7-26
A3: SRI MK PAPER MILLS PVT. LTD.
A5: CHEMICAL CONSUMPTION / BALANCE & COSTING PER DAY & TODATE
A6: PRODUCTION ( MT ) | E6: 154 | F6: 1803 | G6: 138.692 | H6: DATE : 13 - 07 - 2026
A7: PRODUCTION (MT) | C7: GOLDEN YELLOW | E7: 112.5 | F7: 112.5 | G7: 112.500(AVG)
A8: SR. | B8: CHEMICAL | C8: OPENING | D8: RECEIVED MATERIAL | F8: CONSUMED MATERIAL | H8: TODAY | I8: CHEMICAL | J8: TO DATE | K8: RATE | L8: TOTAL CONSUMED AMOUNT | N8: COSTING
A9: NO. | B9: NAME | C9: STOCK | D9: TO DAY | E9: TO DATE | F9: TO DAY | G9: TO DATE | H9: CONSUMPTION | I9: BALANCE | J9: CONSUMPTION | K9: RS.@ | L9: TODAY | M9: TO DATE | N9: TODAY | O9: TO DATE
C10: (Kgs.) | D10: (Kgs.) | E10: (Kgs.) | F10: (Kgs.) | G10: (Kgs.) | H10: (Kgs.)/MTP | I10: (Kgs.) | J10: (Kgs.)/MTP | K10: MT | L10: Rs. | M10: Rs. | N10: Rs./MTP | O10: Rs./MTP
A11: 1 | B11: STARCH | C11: 10900 | E11: 41000 | F11: 4350 | G11: ='12-7-26'!G11+'13-7-26'!F11 -> 47850 | H11: =F11/E6 -> 28.246753 | I11: =(C11-F11)+D11 -> 6550 | J11: =G11/F6 -> 26.539101 | K11: 28500 | L11: =(F11/1000)*K11 -> 123975 | M11: =(G11/1000)*K11 -> 1363725 | N11: =L11/E6 -> 805.03247 | O11: =M11/F6 -> 756.36439
A12: 2 | B12: PAC ( SOLID) | C12: 6570 | F12: 218 | G12: ='12-7-26'!G12+'13-7-26'!F12 -> 2648 | H12: =F12/E6 -> 1.4155844 | I12: =(C12-F12)+D12 -> 6352 | J12: =G12/F6 -> 1.4686633 | K12: 33500 | L12: =(F12/1000)*K12 -> 7303 | M12: =(G12/1000)*K12 -> 88708 | N12: =L12/E6 -> 47.422078 | O12: =M12/F6 -> 49.200222
A13: 3 | B13: SURFACE SIZE (700C) | C13: 6112 | F13: 63 | G13: ='12-7-26'!G13+'13-7-26'!F13 -> 771 | H13: =F13/E6 -> 0.40909091 | I13: =(C13-F13)+D13 -> 6049 | J13: =G13/F6 -> 0.42762063 | K13: 98000 | L13: =(F13/1000)*K13 -> 6174 | M13: =(G13/1000)*K13 -> 75558 | N13: =L13/E6 -> 40.090909 | O13: =M13/F6 -> 41.906822
A14: 4 | B14: ENZYME (L) | C14: 20.84 | F14: 0.08 | G14: ='12-7-26'!G14+'13-7-26'!F14 -> 1.04 | H14: =F14/E6 -> 0.00051948052 | I14: =(C14-F14)+D14 -> 20.76 | J14: =G14/F6 -> 0.00057681642 | K14: 750000 | L14: =(F14/1000)*K14 -> 60 | M14: =(G14/1000)*K14 -> 780 | N14: =L14/E6 -> 0.38961039 | O14: =M14/F6 -> 0.43261231
A15: 5 | B15: RETENTION AID (2024) | C15: 249 | F15: 21 | G15: ='12-7-26'!G15+'13-7-26'!F15 -> 272 | H15: =F15/E6 -> 0.13636364 | I15: =(C15-F15)+D15 -> 228 | J15: =G15/F6 -> 0.15085968 | K15: 350000 | L15: =(F15/1000)*K15 -> 7350 | M15: =(G15/1000)*K15 -> 95200 | N15: =L15/E6 -> 47.727273 | O15: =M15/F6 -> 52.800887
A16: 6 | B16: DEFOAMER (SE 100) | C16: 1846 | F16: 50 | G16: ='12-7-26'!G16+'13-7-26'!F16 -> 610 | H16: =F16/E6 -> 0.32467532 | I16: =(C16-F16)+D16 -> 1796 | J16: =G16/F6 -> 0.33832501 | K16: 204500 | L16: =(F16/1000)*K16 -> 10225 | M16: =(G16/1000)*K16 -> 124745 | N16: =L16/E6 -> 66.396104 | O16: =M16/F6 -> 69.187465
A17: 7 | B17: COAGULANT (CL 200) | C17: 1185 | F17: 54 | G17: ='12-7-26'!G17+'13-7-26'!F17 -> 619 | H17: =F17/E6 -> 0.35064935 | I17: =(C17-F17)+D17 -> 1131 | J17: =G17/F6 -> 0.34331669 | K17: 129500 | L17: =(F17/1000)*K17 -> 6993 | M17: =(G17/1000)*K17 -> 80160.5 | N17: =L17/E6 -> 45.409091 | O17: =M17/F6 -> 44.459512
A18: 8 | B18: KROFTA (303) | C18: 770 | F18: 20 | G18: ='12-7-26'!G18+'13-7-26'!F18 -> 235 | H18: =F18/E6 -> 0.12987013 | I18: =(C18-F18)+D18 -> 750 | J18: =G18/F6 -> 0.13033833 | K18: 219500 | L18: =(F18/1000)*K18 -> 4390 | M18: =(G18/1000)*K18 -> 51582.5 | N18: =L18/E6 -> 28.506494 | O18: =M18/F6 -> 28.609262
A19: 9 | B19: BELT PRESS (SUCHEM - 638 ) | C19: 20 | F19: 0 | G19: ='12-7-26'!G19+'13-7-26'!F19 -> 0 | H19: =F19/E6 -> 0 | I19: =(C19-F19)+D19 -> 20 | J19: =G19/F6 -> 0 | K19: 348200 | L19: =(F19/1000)*K19 -> 0 | M19: =(G19/1000)*K19 -> 0 | N19: =L19/E6 -> 0 | O19: =M19/F6 -> 0
A20: 10 | B20: GOLDEN YELLOW DYE | C20: 3950 | F20: 400 | G20: ='12-7-26'!G20+'13-7-26'!F20 -> 400 | H20: =F20/E6 -> 2.5974026 | I20: =(C20-F20)+D20 -> 3550 | J20: =G20/F6 -> 0.22185247 | K20: 172000 | L20: =(F20/1000)*K20 -> 68800 | M20: =(G20/1000)*K20 -> 68800 | N20: =L20/E6 -> 446.75325 | O20: =M20/F6 -> 38.158625
A21: 11 | B21: SE-BOND 102 (CRACKING AGENT) | C21: 48 | F21: 0 | G21: ='12-7-26'!G21+'13-7-26'!F21 -> 0 | H21: =F21/E6 -> 0 | I21: =(C21-F21)+D21 -> 48 | J21: =G21/F6 -> 0 | K21: 200000 | L21: =(F21/1000)*K21 -> 0 | M21: =(G21/1000)*K21 -> 0 | N21: =L21/E6 -> 0 | O21: =M21/F6 -> 0
A22: 12 | B22: PROMASK 192 | C22: 90.5 | F22: 6.3 | G22: ='12-7-26'!G22+'13-7-26'!F22 -> 79 | H22: =F22/E6 -> 0.040909091 | I22: =(C22-F22)+D22 -> 84.2 | J22: =G22/F6 -> 0.043815862 | K22: 377600 | L22: =(F22/1000)*K22 -> 2378.88 | M22: =(G22/1000)*K22 -> 29830.4 | N22: =L22/E6 -> 15.447273 | O22: =M22/F6 -> 16.54487
A23: 13 | B23: PROSOLVE 126 | C23: 91.6 | F23: 3.7 | G23: ='12-7-26'!G23+'13-7-26'!F23 -> 46.6 | H23: =F23/E6 -> 0.024025974 | I23: =(C23-F23)+D23 -> 87.9 | J23: =G23/F6 -> 0.025845813 | K23: 271400 | L23: =(F23/1000)*K23 -> 1004.18 | M23: =(G23/1000)*K23 -> 12647.24 | N23: =L23/E6 -> 6.5206494 | O23: =M23/F6 -> 7.0145535
A24: 14 | B24: PROSOLVE ADV. | C24: 1319.4 | F24: 54.1 | G24: ='12-7-26'!G24+'13-7-26'!F24 -> 673.9 | H24: =F24/E6 -> 0.3512987 | I24: =(C24-F24)+D24 -> 1265.3 | J24: =G24/F6 -> 0.37376595 | K24: 271400 | L24: =(F24/1000)*K24 -> 14682.74 | M24: =(G24/1000)*K24 -> 182896.46 | N24: =L24/E6 -> 95.342468 | O24: =M24/F6 -> 101.44008
A25: 15 | B25: BLEACHING POWDER (S) | C25: 94 | F25: 3 | G25: ='12-7-26'!G25+'13-7-26'!F25 -> 6 | H25: =F25/E6 -> 0.019480519 | I25: =(C25-F25)+D25 -> 91 | J25: =G25/F6 -> 0.003327787 | K25: 41000 | L25: =(F25/1000)*K25 -> 123 | M25: =(G25/1000)*K25 -> 246 | N25: =L25/E6 -> 0.7987013 | O25: =M25/F6 -> 0.13643927
A26: 16 | B26: SODIUM HYPO CHLORIDE [HYPO] | C26: 373.6 | F26: 6 | G26: ='12-7-26'!G26+'13-7-26'!F26 -> 78 | H26: =F26/E6 -> 0.038961039 | I26: =(C26-F26)+D26 -> 367.6 | J26: =G26/F6 -> 0.043261231 | K26: 24000 | L26: =(F26/1000)*K26 -> 144 | M26: =(G26/1000)*K26 -> 1872 | N26: =L26/E6 -> 0.93506494 | O26: =M26/F6 -> 1.0382696
A27: 17 | B27: HCL [PULP MILL] | C27: 380 | F27: 0 | G27: ='12-7-26'!G27+'13-7-26'!F27 -> 0 | H27: =F27/E6 -> 0 | I27: =(C27-F27)+D27 -> 380 | J27: =G27/F6 -> 0 | K27: 13210 | L27: =(F27/1000)*K27 -> 0 | M27: =(G27/1000)*K27 -> 0 | N27: =L27/E6 -> 0 | O27: =M27/F6 -> 0
A28: 18 | B28: HCL [BOILER] | C28: 175 | F28: 5 | G28: ='12-7-26'!G28+'13-7-26'!F28 -> 80 | H28: =F28/E6 -> 0.032467532 | I28: =(C28-F28)+D28 -> 170 | J28: =G28/F6 -> 0.044370494 | K28: 14400 | L28: =(F28/1000)*K28 -> 72 | M28: =(G28/1000)*K28 -> 1152 | N28: =L28/E6 -> 0.46753247 | O28: =M28/F6 -> 0.63893511
A29: 19 | B29: pH BOOSTER [3230] (L) | C29: 162.4 | F29: 3.5 | G29: ='12-7-26'!G29+'13-7-26'!F29 -> 46.5 | H29: =F29/E6 -> 0.022727273 | I29: =(C29-F29)+D29 -> 158.9 | J29: =G29/F6 -> 0.025790349 | K29: 102000 | L29: =(F29/1000)*K29 -> 357 | M29: =(G29/1000)*K29 -> 4743 | N29: =L29/E6 -> 2.3181818 | O29: =M29/F6 -> 2.6306156
A30: 20 | B30: ANTI SCALEN [3220] (L) | C30: 120 | F30: 5 | G30: ='12-7-26'!G30+'13-7-26'!F30 -> 65 | H30: =F30/E6 -> 0.032467532 | I30: =(C30-F30)+D30 -> 115 | J30: =G30/F6 -> 0.036051026 | K30: 107000 | L30: =(F30/1000)*K30 -> 535 | M30: =(G30/1000)*K30 -> 6955 | N30: =L30/E6 -> 3.474026 | O30: =M30/F6 -> 3.8574598
A31: 21 | B31: OXYGEN SCAVANGER [3210] (L) | C31: 133 | F31: 3 | G31: ='12-7-26'!G31+'13-7-26'!F31 -> 39 | H31: =F31/E6 -> 0.019480519 | I31: =(C31-F31)+D31 -> 130 | J31: =G31/F6 -> 0.021630616 | K31: 100000 | L31: =(F31/1000)*K31 -> 300 | M31: =(G31/1000)*K31 -> 3900 | N31: =L31/E6 -> 1.9480519 | O31: =M31/F6 -> 2.1630616
A32: 22 | B32: RO ANTI SCALEN [3291 (L) | C32: 52 | F32: 1 | G32: ='12-7-26'!G32+'13-7-26'!F32 -> 13 | H32: =F32/E6 -> 0.0064935065 | I32: =(C32-F32)+D32 -> 51 | J32: =G32/F6 -> 0.0072102052 | K32: 255000 | L32: =(F32/1000)*K32 -> 255 | M32: =(G32/1000)*K32 -> 3315 | N32: =L32/E6 -> 1.6558442 | O32: =M32/F6 -> 1.8386023
A33: 23 | B33: CAUSTIC SODA FLAKES | C33: 480 | F33: 0 | G33: ='12-7-26'!G33+'13-7-26'!F33 -> 0 | H33: =F33/E6 -> 0 | I33: =(C33-F33)+D33 -> 480 | J33: =G33/F6 -> 0 | K33: 56000 | L33: =(F33/1000)*K33 -> 0 | M33: =(G33/1000)*K33 -> 0 | N33: =L33/F6 -> 0 | O33: =M33/F6 -> 0
A34: 24 | B34: DESCALING [3250] (L) | C34: 0 | F34: 0 | G34: ='12-7-26'!G34+'13-7-26'!F34 -> 0 | H34: =F34/E6 -> 0 | I34: =(C34-F34)+D34 -> 0 | J34: =G34/F6 -> 0 | K34: 90000 | L34: =(F34/1000)*K34 -> 0 | M34: =(G34/1000)*K34 -> 0 | N34: =L34/F6 -> 0 | O34: =M34/F6 -> 0
A35: S.NO. | B35: QUALITY WISE PRODUCTION | C35: NO. OF SET | D35: PM/C PRODUCTION (MT) | M35: TOTAL | N35: =SUM(N11,N12,N13,N14,N15,N16,N17,N18,N19,N20,N21,N22,N23,N24,N25,N26,N27,N28,N29,N30,N31,N32,N33,N34) -> 1656.6351 | O35: =SUM(O11,O12,O13,O14,O15,O16,O17,O18,O19,O20,O21,O22,O23,O24,O25,O26,O27,O28,O29,O30,O31,O32,O33,O34,) -> 1218.4227
A36: 1 | B36: 140 GSM/18 BF (GOLDEN) | C36: 46 | F36: =C36*E6/C39 -> 76.172043 | N36: COSTING | O36: COSTING
A37: 2 | B37: 180 GSM/18 BF (GOLDEN) | C37: 22 | F37: =C37*E6/C39 -> 36.430108 | N37: TODAY | O37: TO DATE
A38: 4 | B38: 120 GSM/18 BF NATURAL | C38: 25 | F38: =C38*E6/C39 -> 41.397849 | M38: TOTAL | N38: =N35/1000 -> 1.6566351 | O38: =O35/1000 -> 1.2184227
A39: 4 | B39: TOTAL | C39: =SUM(C36,C37,C38) -> 93 | D39: =SUM(F36,F37,F38) -> 154

Sheet 14-7-26
A3: SRI MK PAPER MILLS PVT. LTD.
A5: CHEMICAL CONSUMPTION / BALANCE & COSTING PER DAY & TODATE
A6: PRODUCTION ( MT ) | E6: 180 | F6: 1983 | G6: 141.642 | H6: DATE : 14 - 07 - 2026
A7: PRODUCTION (MT) | C7: GOLDEN YELLOW | E7: 180 | F7: 292.5 | G7: 146.250(AVG)
A8: SR. | B8: CHEMICAL | C8: OPENING | D8: RECEIVED MATERIAL | F8: CONSUMED MATERIAL | H8: TODAY | I8: CHEMICAL | J8: TO DATE | K8: RATE | L8: TOTAL CONSUMED AMOUNT | N8: COSTING
A9: NO. | B9: NAME | C9: STOCK | D9: TO DAY | E9: TO DATE | F9: TO DAY | G9: TO DATE | H9: CONSUMPTION | I9: BALANCE | J9: CONSUMPTION | K9: RS.@ | L9: TODAY | M9: TO DATE | N9: TODAY | O9: TO DATE
C10: (Kgs.) | D10: (Kgs.) | E10: (Kgs.) | F10: (Kgs.) | G10: (Kgs.) | H10: (Kgs.)/MTP | I10: (Kgs.) | J10: (Kgs.)/MTP | K10: MT | L10: Rs. | M10: Rs. | N10: Rs./MTP | O10: Rs./MTP
A11: 1 | B11: STARCH | C11: 6550 | D11: 25000 | E11: 66000 | F11: 7600 | G11: ='13-7-26'!G11+'14-7-26'!F11 -> 55450 | H11: =F11/E6 -> 42.222222 | I11: =(C11-F11)+D11 -> 23950 | J11: =G11/F6 -> 27.962683 | K11: 28500 | L11: =(F11/1000)*K11 -> 216600 | M11: =(G11/1000)*K11 -> 1580325 | N11: =L11/E6 -> 1203.3333 | O11: =M11/F6 -> 796.93646
A12: 2 | B12: PAC ( SOLID) | C12: 6352 | F12: 250 | G12: ='13-7-26'!G12+'14-7-26'!F12 -> 2898 | H12: =F12/E6 -> 1.3888889 | I12: =(C12-F12)+D12 -> 6102 | J12: =G12/F6 -> 1.4614221 | K12: 33500 | L12: =(F12/1000)*K12 -> 8375 | M12: =(G12/1000)*K12 -> 97083 | N12: =L12/E6 -> 46.527778 | O12: =M12/F6 -> 48.95764
A13: 3 | B13: SURFACE SIZE (700C) | C13: 6049 | F13: 70 | G13: ='13-7-26'!G13+'14-7-26'!F13 -> 841 | H13: =F13/E6 -> 0.38888889 | I13: =(C13-F13)+D13 -> 5979 | J13: =G13/F6 -> 0.42410489 | K13: 98000 | L13: =(F13/1000)*K13 -> 6860 | M13: =(G13/1000)*K13 -> 82418 | N13: =L13/E6 -> 38.111111 | O13: =M13/F6 -> 41.562279
A14: 4 | B14: ENZYME (L) | C14: 20.76 | F14: 0.08 | G14: ='13-7-26'!G14+'14-7-26'!F14 -> 1.12 | H14: =F14/E6 -> 0.00044444444 | I14: =(C14-F14)+D14 -> 20.68 | J14: =G14/F6 -> 0.00056480081 | K14: 750000 | L14: =(F14/1000)*K14 -> 60 | M14: =(G14/1000)*K14 -> 840 | N14: =L14/E6 -> 0.33333333 | O14: =M14/F6 -> 0.42360061
A15: 5 | B15: RETENTION AID (2024) | C15: 228 | F15: 15 | G15: ='13-7-26'!G15+'14-7-26'!F15 -> 287 | H15: =F15/E6 -> 0.083333333 | I15: =(C15-F15)+D15 -> 213 | J15: =G15/F6 -> 0.14473021 | K15: 350000 | L15: =(F15/1000)*K15 -> 5250 | M15: =(G15/1000)*K15 -> 100450 | N15: =L15/E6 -> 29.166667 | O15: =M15/F6 -> 50.655572
A16: 6 | B16: DEFOAMER (SE 100) | C16: 1796 | F16: 45 | G16: ='13-7-26'!G16+'14-7-26'!F16 -> 655 | H16: =F16/E6 -> 0.25 | I16: =(C16-F16)+D16 -> 1751 | J16: =G16/F6 -> 0.33030761 | K16: 204500 | L16: =(F16/1000)*K16 -> 9202.5 | M16: =(G16/1000)*K16 -> 133947.5 | N16: =L16/E6 -> 51.125 | O16: =M16/F6 -> 67.547907
A17: 7 | B17: COAGULANT (CL 200) | C17: 1131 | F17: 54 | G17: ='13-7-26'!G17+'14-7-26'!F17 -> 673 | H17: =F17/E6 -> 0.3 | I17: =(C17-F17)+D17 -> 1077 | J17: =G17/F6 -> 0.33938477 | K17: 129500 | L17: =(F17/1000)*K17 -> 6993 | M17: =(G17/1000)*K17 -> 87153.5 | N17: =L17/E6 -> 38.85 | O17: =M17/F6 -> 43.950328
A18: 8 | B18: KROFTA (303) | C18: 750 | F18: 20 | G18: ='13-7-26'!G18+'14-7-26'!F18 -> 255 | H18: =F18/E6 -> 0.11111111 | I18: =(C18-F18)+D18 -> 730 | J18: =G18/F6 -> 0.12859304 | K18: 219500 | L18: =(F18/1000)*K18 -> 4390 | M18: =(G18/1000)*K18 -> 55972.5 | N18: =L18/E6 -> 24.388889 | O18: =M18/F6 -> 28.226172
A19: 9 | B19: BELT PRESS (SUCHEM - 638 ) | C19: 20 | F19: 0 | G19: ='13-7-26'!G19+'14-7-26'!F19 -> 0 | H19: =F19/E6 -> 0 | I19: =(C19-F19)+D19 -> 20 | J19: =G19/F6 -> 0 | K19: 348200 | L19: =(F19/1000)*K19 -> 0 | M19: =(G19/1000)*K19 -> 0 | N19: =L19/E6 -> 0 | O19: =M19/F6 -> 0
A20: 10 | B20: GOLDEN YELLOW DYE | C20: 3550 | F20: 525 | G20: ='13-7-26'!G20+'14-7-26'!F20 -> 925 | H20: =F20/E6 -> 2.9166667 | I20: =(C20-F20)+D20 -> 3025 | J20: =G20/F6 -> 0.46646495 | K20: 172000 | L20: =(F20/1000)*K20 -> 90300 | M20: =(G20/1000)*K20 -> 159100 | N20: =L20/E6 -> 501.66667 | O20: =M20/F6 -> 80.231972
A21: 11 | B21: SE-BOND 102 (CRACKING AGENT) | C21: 48 | F21: 0 | G21: ='13-7-26'!G21+'14-7-26'!F21 -> 0 | H21: =F21/E6 -> 0 | I21: =(C21-F21)+D21 -> 48 | J21: =G21/F6 -> 0 | K21: 200000 | L21: =(F21/1000)*K21 -> 0 | M21: =(G21/1000)*K21 -> 0 | N21: =L21/E6 -> 0 | O21: =M21/F6 -> 0
A22: 12 | B22: PROMASK 192 | C22: 84.2 | F22: 6.9 | G22: ='13-7-26'!G22+'14-7-26'!F22 -> 85.9 | H22: =F22/E6 -> 0.038333333 | I22: =(C22-F22)+D22 -> 77.3 | J22: =G22/F6 -> 0.043318205 | K22: 377600 | L22: =(F22/1000)*K22 -> 2605.44 | M22: =(G22/1000)*K22 -> 32435.84 | N22: =L22/E6 -> 14.474667 | O22: =M22/F6 -> 16.356954
A23: 13 | B23: PROSOLVE 126 | C23: 87.9 | F23: 4.1 | G23: ='13-7-26'!G23+'14-7-26'!F23 -> 50.7 | H23: =F23/E6 -> 0.022777778 | I23: =(C23-F23)+D23 -> 83.8 | J23: =G23/F6 -> 0.025567322 | K23: 271400 | L23: =(F23/1000)*K23 -> 1112.74 | M23: =(G23/1000)*K23 -> 13759.98 | N23: =L23/E6 -> 6.1818889 | O23: =M23/F6 -> 6.9389713
A24: 14 | B24: PROSOLVE ADV. | C24: 1265.3 | F24: 59.3 | G24: ='13-7-26'!G24+'14-7-26'!F24 -> 733.2 | H24: =F24/E6 -> 0.32944444 | I24: =(C24-F24)+D24 -> 1206 | J24: =G24/F6 -> 0.36974281 | K24: 271400 | L24: =(F24/1000)*K24 -> 16094.02 | M24: =(G24/1000)*K24 -> 198990.48 | N24: =L24/E6 -> 89.411222 | O24: =M24/F6 -> 100.3482
A25: 15 | B25: BLEACHING POWDER (S) | C25: 91 | F25: 0 | G25: ='13-7-26'!G25+'14-7-26'!F25 -> 6 | H25: =F25/E6 -> 0 | I25: =(C25-F25)+D25 -> 91 | J25: =G25/F6 -> 0.0030257186 | K25: 41000 | L25: =(F25/1000)*K25 -> 0 | M25: =(G25/1000)*K25 -> 246 | N25: =L25/E6 -> 0 | O25: =M25/F6 -> 0.12405446
A26: 16 | B26: SODIUM HYPO CHLORIDE [HYPO] | C26: 367.6 | F26: 6 | G26: ='13-7-26'!G26+'14-7-26'!F26 -> 84 | H26: =F26/E6 -> 0.033333333 | I26: =(C26-F26)+D26 -> 361.6 | J26: =G26/F6 -> 0.042360061 | K26: 24000 | L26: =(F26/1000)*K26 -> 144 | M26: =(G26/1000)*K26 -> 2016 | N26: =L26/E6 -> 0.8 | O26: =M26/F6 -> 1.0166415
A27: 17 | B27: HCL [PULP MILL] | C27: 380 | F27: 0 | G27: ='13-7-26'!G27+'14-7-26'!F27 -> 0 | H27: =F27/E6 -> 0 | I27: =(C27-F27)+D27 -> 380 | J27: =G27/F6 -> 0 | K27: 13210 | L27: =(F27/1000)*K27 -> 0 | M27: =(G27/1000)*K27 -> 0 | N27: =L27/E6 -> 0 | O27: =M27/F6 -> 0
A28: 18 | B28: HCL [BOILER] | C28: 170 | F28: 10 | G28: ='13-7-26'!G28+'14-7-26'!F28 -> 90 | H28: =F28/E6 -> 0.055555556 | I28: =(C28-F28)+D28 -> 160 | J28: =G28/F6 -> 0.045385779 | K28: 14400 | L28: =(F28/1000)*K28 -> 144 | M28: =(G28/1000)*K28 -> 1296 | N28: =L28/E6 -> 0.8 | O28: =M28/F6 -> 0.65355522
A29: 19 | B29: pH BOOSTER [3230] (L) | C29: 158.9 | F29: 3.5 | G29: ='13-7-26'!G29+'14-7-26'!F29 -> 50 | H29: =F29/E6 -> 0.019444444 | I29: =(C29-F29)+D29 -> 155.4 | J29: =G29/F6 -> 0.025214322 | K29: 102000 | L29: =(F29/1000)*K29 -> 357 | M29: =(G29/1000)*K29 -> 5100 | N29: =L29/E6 -> 1.9833333 | O29: =M29/F6 -> 2.5718608
A30: 20 | B30: ANTI SCALEN [3220] (L) | C30: 115 | F30: 5 | G30: ='13-7-26'!G30+'14-7-26'!F30 -> 70 | H30: =F30/E6 -> 0.027777778 | I30: =(C30-F30)+D30 -> 110 | J30: =G30/F6 -> 0.03530005 | K30: 107000 | L30: =(F30/1000)*K30 -> 535 | M30: =(G30/1000)*K30 -> 7490 | N30: =L30/E6 -> 2.9722222 | O30: =M30/F6 -> 3.7771054
A31: 21 | B31: OXYGEN SCAVANGER [3210] (L) | C31: 130 | F31: 3 | G31: ='13-7-26'!G31+'14-7-26'!F31 -> 42 | H31: =F31/E6 -> 0.016666667 | I31: =(C31-F31)+D31 -> 127 | J31: =G31/F6 -> 0.02118003 | K31: 100000 | L31: =(F31/1000)*K31 -> 300 | M31: =(G31/1000)*K31 -> 4200 | N31: =L31/E6 -> 1.6666667 | O31: =M31/F6 -> 2.118003
A32: 22 | B32: RO ANTI SCALEN [3291 (L) | C32: 51 | F32: 1 | G32: ='13-7-26'!G32+'14-7-26'!F32 -> 14 | H32: =F32/E6 -> 0.0055555556 | I32: =(C32-F32)+D32 -> 50 | J32: =G32/F6 -> 0.0070600101 | K32: 255000 | L32: =(F32/1000)*K32 -> 255 | M32: =(G32/1000)*K32 -> 3570 | N32: =L32/E6 -> 1.4166667 | O32: =M32/F6 -> 1.8003026
A33: 23 | B33: CAUSTIC SODA FLAKES | C33: 480 | F33: 0 | G33: ='13-7-26'!G33+'14-7-26'!F33 -> 0 | H33: =F33/E6 -> 0 | I33: =(C33-F33)+D33 -> 480 | J33: =G33/F6 -> 0 | K33: 56000 | L33: =(F33/1000)*K33 -> 0 | M33: =(G33/1000)*K33 -> 0 | N33: =L33/F6 -> 0 | O33: =M33/F6 -> 0
A34: 24 | B34: DESCALING [3250] (L) | C34: 0 | F34: 0 | H34: =F34/E6 -> 0 | I34: =(C34-F34)+D34 -> 0 | J34: =G34/F6 -> 0 | K34: 90000 | L34: =(F34/1000)*K34 -> 0 | M34: =(G34/1000)*K34 -> 0 | N34: =L34/F6 -> 0 | O34: =M34/F6 -> 0
A35: S.NO. | B35: QUALITY WISE PRODUCTION | C35: NO. OF SET | D35: PM/C PRODUCTION (MT) | G35: 4 | H35: 180 GSM/18 BF (GOLDEN) | J35: 5 | K35: 8.5 | M35: TOTAL | N35: =SUM(N11,N12,N13,N14,N15,N16,N17,N18,N19,N20,N21,N22,N23,N24,N25,N26,N27,N28,N29,N30,N31,N32,N33,N34) -> 2053.2094 | O35: =SUM(O11,O12,O13,O14,O15,O16,O17,O18,O19,O20,O21,O22,O23,O24,O25,O26,O27,O28,O29,O30,O31,O32,O33,O34,) -> 1294.1976
A36: 1 | B36: 150 GSM/18 BF (GOLDEN) | C36: 22 | F36: 37 | G36: 5 | H36: 180 GSM/20 BF (GOLDEN) | J36: 4 | K36: 7 | N36: COSTING | O36: COSTING
A37: 2 | B37: 150 GSM/20 BF (GOLDEN) | C37: 7 | F37: 12 | G37: 6 | H37: 180 GSM/22 BF (GOLDEN) | J37: 20 | K37: 33 | N37: TODAY(RS./Kg) | O37: TO DATE (RS./Kg)
A38: 3 | B38: 140 GSM/22 BF ( GOLDEN) | C38: 5 | F38: 8.5 | G38: 7 | H38: 180 GSM/24 BF (GOLDEN) | J38: 9 | K38: 15 | M38: TOTAL | N38: =N35/1000 -> 2.0532094 | O38: =O35/1000 -> 1.2941976
A39: 10 | B39: TOTAL | C39: 107 | D39: 180 | G39: 8 | H39: 250 GSM/18 BF (GOLDEN) | J39: 3 | K39: 5
G40: 9 | H40: 250 GSM/22 BF (GOLDEN) | J40: 32 | K40: 54

Sheet 15-07-26
A3: SRI MK PAPER MILLS PVT. LTD.
A5: CHEMICAL CONSUMPTION / BALANCE & COSTING PER DAY & TODATE
A6: PRODUCTION ( MT ) | E6: 129 | F6: 2112 | G6: 140.8 | H6: DATE : 15 - 07 - 2026
A7: PRODUCTION (MT) | C7: GOLDEN YELLOW | E7: 129 | F7: 421.5 | G7: 140.500(AVG)
A8: SR. | B8: CHEMICAL | C8: OPENING | D8: RECEIVED MATERIAL | F8: CONSUMED MATERIAL | H8: TODAY | I8: CHEMICAL | J8: TO DATE | K8: RATE | L8: TOTAL CONSUMED AMOUNT | N8: COSTING
A9: NO. | B9: NAME | C9: STOCK | D9: TO DAY | E9: TO DATE | F9: TO DAY | G9: TO DATE | H9: CONSUMPTION | I9: BALANCE | J9: CONSUMPTION | K9: RS.@ | L9: TODAY | M9: TO DATE | N9: TODAY | O9: TO DATE
C10: (Kgs.) | D10: (Kgs.) | E10: (Kgs.) | F10: (Kgs.) | G10: (Kgs.) | H10: (Kgs.)/MTP | I10: (Kgs.) | J10: (Kgs.)/MTP | K10: MT | L10: Rs. | M10: Rs. | N10: Rs./MTP | O10: Rs./MTP
A11: 1 | B11: STARCH | C11: 23950 | E11: 66000 | F11: 3150 | G11: ='14-7-26'!G11+'15-07-26'!F11 -> 58600 | H11: =F11/E6 -> 24.418605 | I11: =(C11-F11)+D11 -> 20800 | J11: =G11/F6 -> 27.746212 | K11: 28500 | L11: =(F11/1000)*K11 -> 89775 | M11: =(G11/1000)*K11 -> 1670100 | N11: =L11/E6 -> 695.93023 | O11: =M11/F6 -> 790.76705
A12: 2 | B12: PAC ( SOLID) | C12: 6102 | F12: 188 | G12: ='14-7-26'!G12+'15-07-26'!F12 -> 3086 | H12: =F12/E6 -> 1.4573643 | I12: =(C12-F12)+D12 -> 5914 | J12: =G12/F6 -> 1.4611742 | K12: 33500 | L12: =(F12/1000)*K12 -> 6298 | M12: =(G12/1000)*K12 -> 103381 | N12: =L12/E6 -> 48.821705 | O12: =M12/F6 -> 48.949337
A13: 3 | B13: SURFACE SIZE (700C) | C13: 5979 | F13: 54 | G13: ='14-7-26'!G13+'15-07-26'!F13 -> 895 | H13: =F13/E6 -> 0.41860465 | I13: =(C13-F13)+D13 -> 5925 | J13: =G13/F6 -> 0.42376894 | K13: 98000 | L13: =(F13/1000)*K13 -> 5292 | M13: =(G13/1000)*K13 -> 87710 | N13: =L13/E6 -> 41.023256 | O13: =M13/F6 -> 41.529356
A14: 4 | B14: ENZYME (L) | C14: 20.68 | F14: 0.08 | G14: ='14-7-26'!G14+'15-07-26'!F14 -> 1.2 | H14: =F14/E6 -> 0.00062015504 | I14: =(C14-F14)+D14 -> 20.6 | J14: =G14/F6 -> 0.00056818182 | K14: 750000 | L14: =(F14/1000)*K14 -> 60 | M14: =(G14/1000)*K14 -> 900 | N14: =L14/E6 -> 0.46511628 | O14: =M14/F6 -> 0.42613636
A15: 5 | B15: RETENTION AID (2024) | C15: 213 | F15: 15 | G15: ='14-7-26'!G15+'15-07-26'!F15 -> 302 | H15: =F15/E6 -> 0.11627907 | I15: =(C15-F15)+D15 -> 198 | J15: =G15/F6 -> 0.14299242 | K15: 350000 | L15: =(F15/1000)*K15 -> 5250 | M15: =(G15/1000)*K15 -> 105700 | N15: =L15/E6 -> 40.697674 | O15: =M15/F6 -> 50.047348
A16: 6 | B16: DEFOAMER (SE 100) | C16: 1751 | F16: 30 | G16: ='14-7-26'!G16+'15-07-26'!F16 -> 685 | H16: =F16/E6 -> 0.23255814 | I16: =(C16-F16)+D16 -> 1721 | J16: =G16/F6 -> 0.32433712 | K16: 204500 | L16: =(F16/1000)*K16 -> 6135 | M16: =(G16/1000)*K16 -> 140082.5 | N16: =L16/E6 -> 47.55814 | O16: =M16/F6 -> 66.326941
A17: 7 | B17: COAGULANT (CL 200) | C17: 1077 | F17: 45 | G17: ='14-7-26'!G17+'15-07-26'!F17 -> 718 | H17: =F17/E6 -> 0.34883721 | I17: =(C17-F17)+D17 -> 1032 | J17: =G17/F6 -> 0.33996212 | K17: 129500 | L17: =(F17/1000)*K17 -> 5827.5 | M17: =(G17/1000)*K17 -> 92981 | N17: =L17/E6 -> 45.174419 | O17: =M17/F6 -> 44.025095
A18: 8 | B18: KROFTA (303) | C18: 730 | F18: 20 | G18: ='14-7-26'!G18+'15-07-26'!F18 -> 275 | H18: =F18/E6 -> 0.15503876 | I18: =(C18-F18)+D18 -> 710 | J18: =G18/F6 -> 0.13020833 | K18: 219500 | L18: =(F18/1000)*K18 -> 4390 | M18: =(G18/1000)*K18 -> 60362.5 | N18: =L18/E6 -> 34.031008 | O18: =M18/F6 -> 28.580729
A19: 9 | B19: BELT PRESS (SUCHEM - 638 ) | C19: 20 | F19: 0 | G19: ='14-7-26'!G19+'15-07-26'!F19 -> 0 | H19: =F19/E6 -> 0 | I19: =(C19-F19)+D19 -> 20 | J19: =G19/F6 -> 0 | K19: 348200 | L19: =(F19/1000)*K19 -> 0 | M19: =(G19/1000)*K19 -> 0 | N19: =L19/E6 -> 0 | O19: =M19/F6 -> 0
A20: 10 | B20: GOLDEN YELLOW DYE | C20: 3025 | F20: 390 | G20: ='14-7-26'!G20+'15-07-26'!F20 -> 1315 | H20: =F20/E6 -> 3.0232558 | I20: =(C20-F20)+D20 -> 2635 | J20: =G20/F6 -> 0.62263258 | K20: 172000 | L20: =(F20/1000)*K20 -> 67080 | M20: =(G20/1000)*K20 -> 226180 | N20: =L20/E6 -> 520 | O20: =M20/F6 -> 107.0928
A21: 11 | B21: SE-BOND 102 (CRACKING AGENT) | C21: 48 | F21: 0 | G21: ='14-7-26'!G21+'15-07-26'!F21 -> 0 | H21: =F21/E6 -> 0 | I21: =(C21-F21)+D21 -> 48 | J21: =G21/F6 -> 0 | K21: 200000 | L21: =(F21/1000)*K21 -> 0 | M21: =(G21/1000)*K21 -> 0 | N21: =L21/E6 -> 0 | O21: =M21/F6 -> 0
A22: 12 | B22: PROMASK 192 | C22: 77.3 | F22: 5.2 | G22: ='14-7-26'!G22+'15-07-26'!F22 -> 91.1 | H22: =F22/E6 -> 0.040310078 | I22: =(C22-F22)+D22 -> 72.1 | J22: =G22/F6 -> 0.04313447 | K22: 377600 | L22: =(F22/1000)*K22 -> 1963.52 | M22: =(G22/1000)*K22 -> 34399.36 | N22: =L22/E6 -> 15.221085 | O22: =M22/F6 -> 16.287576
A23: 13 | B23: PROSOLVE 126 | C23: 83.8 | F23: 3.1 | G23: ='14-7-26'!G23+'15-07-26'!F23 -> 53.8 | H23: =F23/E6 -> 0.024031008 | I23: =(C23-F23)+D23 -> 80.7 | J23: =G23/F6 -> 0.025473485 | K23: 271400 | L23: =(F23/1000)*K23 -> 841.34 | M23: =(G23/1000)*K23 -> 14601.32 | N23: =L23/E6 -> 6.5220155 | O23: =M23/F6 -> 6.9135038
A24: 14 | B24: PROSOLVE ADV. | C24: 1206 | F24: 45.1 | G24: ='14-7-26'!G24+'15-07-26'!F24 -> 778.3 | H24: =F24/E6 -> 0.3496124 | I24: =(C24-F24)+D24 -> 1160.9 | J24: =G24/F6 -> 0.36851326 | K24: 271400 | L24: =(F24/1000)*K24 -> 12240.14 | M24: =(G24/1000)*K24 -> 211230.62 | N24: =L24/E6 -> 94.884806 | O24: =M24/F6 -> 100.0145
A25: 15 | B25: BLEACHING POWDER (S) | C25: 91 | F25: 3 | G25: ='14-7-26'!G25+'15-07-26'!F25 -> 9 | H25: =F25/E6 -> 0.023255814 | I25: =(C25-F25)+D25 -> 88 | J25: =G25/F6 -> 0.0042613636 | K25: 41000 | L25: =(F25/1000)*K25 -> 123 | M25: =(G25/1000)*K25 -> 369 | N25: =L25/E6 -> 0.95348837 | O25: =M25/F6 -> 0.17471591
A26: 16 | B26: SODIUM HYPO CHLORIDE [HYPO] | C26: 361.6 | F26: 10 | G26: ='14-7-26'!G26+'15-07-26'!F26 -> 94 | H26: =F26/E6 -> 0.07751938 | I26: =(C26-F26)+D26 -> 351.6 | J26: =G26/F6 -> 0.044507576 | K26: 24000 | L26: =(F26/1000)*K26 -> 240 | M26: =(G26/1000)*K26 -> 2256 | N26: =L26/E6 -> 1.8604651 | O26: =M26/F6 -> 1.0681818
A27: 17 | B27: HCL [PULP MILL] | C27: 380 | F27: 0 | G27: ='14-7-26'!G27+'15-07-26'!F27 -> 0 | H27: =F27/E6 -> 0 | I27: =(C27-F27)+D27 -> 380 | J27: =G27/F6 -> 0 | K27: 13210 | L27: =(F27/1000)*K27 -> 0 | M27: =(G27/1000)*K27 -> 0 | N27: =L27/E6 -> 0 | O27: =M27/F6 -> 0
A28: 18 | B28: HCL [BOILER] | C28: 160 | F28: 10 | G28: ='14-7-26'!G28+'15-07-26'!F28 -> 100 | H28: =F28/E6 -> 0.07751938 | I28: =(C28-F28)+D28 -> 150 | J28: =G28/F6 -> 0.047348485 | K28: 14400 | L28: =(F28/1000)*K28 -> 144 | M28: =(G28/1000)*K28 -> 1440 | N28: =L28/E6 -> 1.1162791 | O28: =M28/F6 -> 0.68181818
A29: 19 | B29: pH BOOSTER [3230] (L) | C29: 155.4 | F29: 3.5 | G29: ='14-7-26'!G29+'15-07-26'!F29 -> 53.5 | H29: =F29/E6 -> 0.027131783 | I29: =(C29-F29)+D29 -> 151.9 | J29: =G29/F6 -> 0.025331439 | K29: 102000 | L29: =(F29/1000)*K29 -> 357 | M29: =(G29/1000)*K29 -> 5457 | N29: =L29/E6 -> 2.7674419 | O29: =M29/F6 -> 2.5838068
A30: 20 | B30: ANTI SCALEN [3220] (L) | C30: 110 | F30: 5 | G30: ='14-7-26'!G30+'15-07-26'!F30 -> 75 | H30: =F30/E6 -> 0.03875969 | I30: =(C30-F30)+D30 -> 105 | J30: =G30/F6 -> 0.035511364 | K30: 107000 | L30: =(F30/1000)*K30 -> 535 | M30: =(G30/1000)*K30 -> 8025 | N30: =L30/E6 -> 4.1472868 | O30: =M30/F6 -> 3.7997159
A31: 21 | B31: OXYGEN SCAVANGER [3210] (L) | C31: 127 | F31: 3 | G31: ='14-7-26'!G31+'15-07-26'!F31 -> 45 | H31: =F31/E6 -> 0.023255814 | I31: =(C31-F31)+D31 -> 124 | J31: =G31/F6 -> 0.021306818 | K31: 100000 | L31: =(F31/1000)*K31 -> 300 | M31: =(G31/1000)*K31 -> 4500 | N31: =L31/E6 -> 2.3255814 | O31: =M31/F6 -> 2.1306818
A32: 22 | B32: RO ANTI SCALEN [3291 (L) | C32: 50 | F32: 1 | G32: ='14-7-26'!G32+'15-07-26'!F32 -> 15 | H32: =F32/E6 -> 0.007751938 | I32: =(C32-F32)+D32 -> 49 | J32: =G32/F6 -> 0.0071022727 | K32: 255000 | L32: =(F32/1000)*K32 -> 255 | M32: =(G32/1000)*K32 -> 3825 | N32: =L32/E6 -> 1.9767442 | O32: =M32/F6 -> 1.8110795
A33: 23 | B33: CAUSTIC SODA FLAKES | C33: 480 | F33: 0 | G33: ='14-7-26'!G33+'15-07-26'!F33 -> 0 | H33: =F33/E6 -> 0 | I33: =(C33-F33)+D33 -> 480 | J33: =G33/F6 -> 0 | K33: 56000 | L33: =(F33/1000)*K33 -> 0 | M33: =(G33/1000)*K33 -> 0 | N33: =L33/F6 -> 0 | O33: =M33/F6 -> 0
A34: 24 | B34: DESCALING [3250] (L) | C34: 0 | F34: 0 | G34: ='14-7-26'!G34+'15-07-26'!F34 -> 0 | H34: =F34/E6 -> 0 | I34: =(C34-F34)+D34 -> 0 | J34: =G34/F6 -> 0 | K34: 90000 | L34: =(F34/1000)*K34 -> 0 | M34: =(G34/1000)*K34 -> 0 | N34: =L34/F6 -> 0 | O34: =M34/F6 -> 0
A35: S.NO. | B35: QUALITY WISE PRODUCTION | C35: NO. OF SET | D35: PM/C PRODUCTION (MT) | M35: TOTAL | N35: =SUM(N11,N12,N13,N14,N15,N16,N17,N18,N19,N20,N21,N22,N23,N24,N25,N26,N27,N28,N29,N30,N31,N32,N33,N34) -> 1605.4767 | O35: =SUM(O11,O12,O13,O14,O15,O16,O17,O18,O19,O20,O21,O22,O23,O24,O25,O26,O27,O28,O29,O30,O31,O32,O33,O34,) -> 1313.2104
A36: 1 | B36: 150 GSM/18 BF (GOLDEN) | C36: 34 | F36: 57.5 | N36: COSTING | O36: COSTING
A37: 2 | B37: 180 GSM/18 BF (GOLDEN) | C37: 13 | F37: 22 | N37: TODAY(RS./Kg) | O37: TO DATE (RS./Kg)
A38: 3 | B38: 140 GSM/18 BF ( GOLDEN) | C38: 5 | F38: 8.5 | M38: TOTAL | N38: =N35/1000 -> 1.6054767 | O38: =O35/1000 -> 1.3132104
A39: 4 | B39: 120 GSM/18 BF ( GOLDEN) | C39: 24 | F39: 41
A40: 10 | B40: TOTAL | C40: =SUM(C36:C39) -> 76 | F40: =SUM(F36:F39) -> 129

Sheet 16-07-26
A3: SRI MK PAPER MILLS PVT. LTD.
A5: CHEMICAL CONSUMPTION / BALANCE & COSTING PER DAY & TODATE
A6: PRODUCTION ( MT ) | E6: 142 | F6: 2254 | G6: 140.875 | H6: DATE : 16 - 07 - 2026
A7: PRODUCTION (MT) | C7: GOLDEN YELLOW | E7: 43 | F7: 464.5 | G7: 116.125(AVG)
A8: SR. | B8: CHEMICAL | C8: OPENING | D8: RECEIVED MATERIAL | F8: CONSUMED MATERIAL | H8: TODAY | I8: CHEMICAL | J8: TO DATE | K8: RATE | L8: TOTAL CONSUMED AMOUNT | N8: COSTING
A9: NO. | B9: NAME | C9: STOCK | D9: TO DAY | E9: TO DATE | F9: TO DAY | G9: TO DATE | H9: CONSUMPTION | I9: BALANCE | J9: CONSUMPTION | K9: RS.@ | L9: TODAY | M9: TO DATE | N9: TODAY | O9: TO DATE
C10: (Kgs.) | D10: (Kgs.) | E10: (Kgs.) | F10: (Kgs.) | G10: (Kgs.) | H10: (Kgs.)/MTP | I10: (Kgs.) | J10: (Kgs.)/MTP | K10: MT | L10: Rs. | M10: Rs. | N10: Rs./MTP | O10: Rs./MTP
A11: 1 | B11: STARCH | C11: 20800 | E11: 66000 | F11: 3100 | G11: ='15-07-26'!G11+'16-07-26'!F11 -> 61700 | H11: =F11/E6 -> 21.830986 | I11: =(C11-F11)+D11 -> 17700 | J11: =G11/F6 -> 27.373558 | K11: 28500 | L11: =(F11/1000)*K11 -> 88350 | M11: =(G11/1000)*K11 -> 1758450 | N11: =L11/E6 -> 622.1831 | O11: =M11/F6 -> 780.14641
A12: 2 | B12: PAC ( SOLID) | C12: 5914 | F12: 226 | G12: ='15-07-26'!G12+'16-07-26'!F12 -> 3312 | H12: =F12/E6 -> 1.5915493 | I12: =(C12-F12)+D12 -> 5688 | J12: =G12/F6 -> 1.4693878 | K12: 33500 | L12: =(F12/1000)*K12 -> 7571 | M12: =(G12/1000)*K12 -> 110952 | N12: =L12/E6 -> 53.316901 | O12: =M12/F6 -> 49.22449
A13: 3 | B13: SURFACE SIZE (700C) | C13: 5925 | F13: 62 | G13: ='15-07-26'!G13+'16-07-26'!F13 -> 957 | H13: =F13/E6 -> 0.43661972 | I13: =(C13-F13)+D13 -> 5863 | J13: =G13/F6 -> 0.42457853 | K13: 98000 | L13: =(F13/1000)*K13 -> 6076 | M13: =(G13/1000)*K13 -> 93786 | N13: =L13/E6 -> 42.788732 | O13: =M13/F6 -> 41.608696
A14: 4 | B14: ENZYME (L) | C14: 20.6 | F14: 0.08 | G14: ='15-07-26'!G14+'16-07-26'!F14 -> 1.28 | H14: =F14/E6 -> 0.00056338028 | I14: =(C14-F14)+D14 -> 20.52 | J14: =G14/F6 -> 0.00056787933 | K14: 750000 | L14: =(F14/1000)*K14 -> 60 | M14: =(G14/1000)*K14 -> 960 | N14: =L14/E6 -> 0.42253521 | O14: =M14/F6 -> 0.42590949
A15: 5 | B15: RETENTION AID (2024) | C15: 198 | F15: 17 | G15: ='15-07-26'!G15+'16-07-26'!F15 -> 319 | H15: =F15/E6 -> 0.11971831 | I15: =(C15-F15)+D15 -> 181 | J15: =G15/F6 -> 0.14152618 | K15: 350000 | L15: =(F15/1000)*K15 -> 5950 | M15: =(G15/1000)*K15 -> 111650 | N15: =L15/E6 -> 41.901408 | O15: =M15/F6 -> 49.534161
A16: 6 | B16: DEFOAMER (SE 100) | C16: 1721 | F16: 40 | G16: ='15-07-26'!G16+'16-07-26'!F16 -> 725 | H16: =F16/E6 -> 0.28169014 | I16: =(C16-F16)+D16 -> 1681 | J16: =G16/F6 -> 0.3216504 | K16: 204500 | L16: =(F16/1000)*K16 -> 8180 | M16: =(G16/1000)*K16 -> 148262.5 | N16: =L16/E6 -> 57.605634 | O16: =M16/F6 -> 65.777507
A17: 7 | B17: COAGULANT (CL 200) | C17: 1032 | F17: 54 | G17: ='15-07-26'!G17+'16-07-26'!F17 -> 772 | H17: =F17/E6 -> 0.38028169 | I17: =(C17-F17)+D17 -> 978 | J17: =G17/F6 -> 0.34250222 | K17: 129500 | L17: =(F17/1000)*K17 -> 6993 | M17: =(G17/1000)*K17 -> 99974 | N17: =L17/E6 -> 49.246479 | O17: =M17/F6 -> 44.354037
A18: 8 | B18: KROFTA (303) | C18: 710 | F18: 20 | G18: ='15-07-26'!G18+'16-07-26'!F18 -> 295 | H18: =F18/E6 -> 0.14084507 | I18: =(C18-F18)+D18 -> 690 | J18: =G18/F6 -> 0.13087844 | K18: 219500 | L18: =(F18/1000)*K18 -> 4390 | M18: =(G18/1000)*K18 -> 64752.5 | N18: =L18/E6 -> 30.915493 | O18: =M18/F6 -> 28.727817
A19: 9 | B19: BELT PRESS (SUCHEM - 638 ) | C19: 20 | F19: 0 | G19: ='15-07-26'!G19+'16-07-26'!F19 -> 0 | H19: =F19/E6 -> 0 | I19: =(C19-F19)+D19 -> 20 | J19: =G19/F6 -> 0 | K19: 348200 | L19: =(F19/1000)*K19 -> 0 | M19: =(G19/1000)*K19 -> 0 | N19: =L19/E6 -> 0 | O19: =M19/F6 -> 0
A20: 10 | B20: GOLDEN YELLOW DYE | C20: 2635 | F20: 135 | G20: ='15-07-26'!G20+'16-07-26'!F20 -> 1450 | H20: =F20/E6 -> 0.95070423 | I20: =(C20-F20)+D20 -> 2500 | J20: =G20/F6 -> 0.6433008 | K20: 172000 | L20: =(F20/1000)*K20 -> 23220 | M20: =(G20/1000)*K20 -> 249400 | N20: =L20/E6 -> 163.52113 | O20: =M20/F6 -> 110.64774
A21: 11 | B21: SE-BOND 102 (CRACKING AGENT) | C21: 48 | F21: 0 | G21: ='15-07-26'!G21+'16-07-26'!F21 -> 0 | H21: =F21/E6 -> 0 | I21: =(C21-F21)+D21 -> 48 | J21: =G21/F6 -> 0 | K21: 200000 | L21: =(F21/1000)*K21 -> 0 | M21: =(G21/1000)*K21 -> 0 | N21: =L21/E6 -> 0 | O21: =M21/F6 -> 0
A22: 12 | B22: PROMASK 192 | C22: 72.1 | F22: 6.3 | G22: ='15-07-26'!G22+'16-07-26'!F22 -> 97.4 | H22: =F22/E6 -> 0.044366197 | I22: =(C22-F22)+D22 -> 65.8 | J22: =G22/F6 -> 0.043212067 | K22: 377600 | L22: =(F22/1000)*K22 -> 2378.88 | M22: =(G22/1000)*K22 -> 36778.24 | N22: =L22/E6 -> 16.752676 | O22: =M22/F6 -> 16.316877
A23: 13 | B23: PROSOLVE 126 | C23: 80.7 | F23: 3.7 | G23: ='15-07-26'!G23+'16-07-26'!F23 -> 57.5 | H23: =F23/E6 -> 0.026056338 | I23: =(C23-F23)+D23 -> 77 | J23: =G23/F6 -> 0.025510204 | K23: 271400 | L23: =(F23/1000)*K23 -> 1004.18 | M23: =(G23/1000)*K23 -> 15605.5 | N23: =L23/E6 -> 7.0716901 | O23: =M23/F6 -> 6.9234694
A24: 14 | B24: PROSOLVE ADV. | C24: 1160.9 | F24: 54.1 | G24: ='15-07-26'!G24+'16-07-26'!F24 -> 832.4 | H24: =F24/E6 -> 0.38098592 | I24: =(C24-F24)+D24 -> 1106.8 | J24: =G24/F6 -> 0.36929902 | K24: 271400 | L24: =(F24/1000)*K24 -> 14682.74 | M24: =(G24/1000)*K24 -> 225913.36 | N24: =L24/E6 -> 103.39958 | O24: =M24/F6 -> 100.22776
A25: 15 | B25: BLEACHING POWDER (S) | C25: 91 | F25: 0 | G25: ='15-07-26'!G25+'16-07-26'!F25 -> 9 | H25: =F25/E6 -> 0 | I25: =(C25-F25)+D25 -> 91 | J25: =G25/F6 -> 0.0039929015 | K25: 41000 | L25: =(F25/1000)*K25 -> 0 | M25: =(G25/1000)*K25 -> 369 | N25: =L25/E6 -> 0 | O25: =M25/F6 -> 0.16370896
A26: 16 | B26: SODIUM HYPO CHLORIDE [HYPO] | C26: 351.6 | F26: 10 | G26: ='15-07-26'!G26+'16-07-26'!F26 -> 104 | H26: =F26/E6 -> 0.070422535 | I26: =(C26-F26)+D26 -> 341.6 | J26: =G26/F6 -> 0.046140195 | K26: 24000 | L26: =(F26/1000)*K26 -> 240 | M26: =(G26/1000)*K26 -> 2496 | N26: =L26/E6 -> 1.6901408 | O26: =M26/F6 -> 1.1073647
A27: 17 | B27: HCL [PULP MILL] | C27: 380 | F27: 0 | G27: ='15-07-26'!G27+'16-07-26'!F27 -> 0 | H27: =F27/E6 -> 0 | I27: =(C27-F27)+D27 -> 380 | J27: =G27/F6 -> 0 | K27: 13210 | L27: =(F27/1000)*K27 -> 0 | M27: =(G27/1000)*K27 -> 0 | N27: =L27/E6 -> 0 | O27: =M27/F6 -> 0
A28: 18 | B28: HCL [BOILER] | C28: 150 | F28: 10 | G28: ='15-07-26'!G28+'16-07-26'!F28 -> 110 | H28: =F28/E6 -> 0.070422535 | I28: =(C28-F28)+D28 -> 140 | J28: =G28/F6 -> 0.04880213 | K28: 14400 | L28: =(F28/1000)*K28 -> 144 | M28: =(G28/1000)*K28 -> 1584 | N28: =L28/E6 -> 1.0140845 | O28: =M28/F6 -> 0.70275067
A29: 19 | B29: pH BOOSTER [3230] (L) | C29: 151.9 | F29: 3.5 | G29: ='15-07-26'!G29+'16-07-26'!F29 -> 57 | H29: =F29/E6 -> 0.024647887 | I29: =(C29-F29)+D29 -> 148.4 | J29: =G29/F6 -> 0.025288376 | K29: 102000 | L29: =(F29/1000)*K29 -> 357 | M29: =(G29/1000)*K29 -> 5814 | N29: =L29/E6 -> 2.5140845 | O29: =M29/F6 -> 2.5794144
A30: 20 | B30: ANTI SCALEN [3220] (L) | C30: 105 | F30: 5 | G30: ='15-07-26'!G30+'16-07-26'!F30 -> 80 | H30: =F30/E6 -> 0.035211268 | I30: =(C30-F30)+D30 -> 100 | J30: =G30/F6 -> 0.035492458 | K30: 107000 | L30: =(F30/1000)*K30 -> 535 | M30: =(G30/1000)*K30 -> 8560 | N30: =L30/E6 -> 3.7676056 | O30: =M30/F6 -> 3.797693
A31: 21 | B31: OXYGEN SCAVANGER [3210] (L) | C31: 124 | F31: 3 | G31: ='15-07-26'!G31+'16-07-26'!F31 -> 48 | H31: =F31/E6 -> 0.021126761 | I31: =(C31-F31)+D31 -> 121 | J31: =G31/F6 -> 0.021295475 | K31: 100000 | L31: =(F31/1000)*K31 -> 300 | M31: =(G31/1000)*K31 -> 4800 | N31: =L31/E6 -> 2.1126761 | O31: =M31/F6 -> 2.1295475
A32: 22 | B32: RO ANTI SCALEN [3291 (L) | C32: 49 | F32: 1 | G32: ='15-07-26'!G32+'16-07-26'!F32 -> 16 | H32: =F32/E6 -> 0.0070422535 | I32: =(C32-F32)+D32 -> 48 | J32: =G32/F6 -> 0.0070984916 | K32: 255000 | L32: =(F32/1000)*K32 -> 255 | M32: =(G32/1000)*K32 -> 4080 | N32: =L32/E6 -> 1.7957746 | O32: =M32/F6 -> 1.8101154
A33: 23 | B33: CAUSTIC SODA FLAKES | C33: 480 | F33: 0 | G33: ='15-07-26'!G33+'16-07-26'!F33 -> 0 | I33: =(C33-F33)+D33 -> 480 | J33: =G33/F6 -> 0 | K33: 56000 | L33: =(F33/1000)*K33 -> 0 | M33: =(G33/1000)*K33 -> 0 | N33: =L33/F6 -> 0 | O33: =M33/F6 -> 0
A34: 24 | B34: DESCALING [3250] (L) | C34: 0 | F34: 0 | G34: ='14-7-26'!G34+'15-07-26'!F34 -> 0 | H34: =F34/E6 -> 0 | I34: =(C34-F34)+D34 -> 0 | J34: =G34/F6 -> 0 | K34: 90000 | L34: =(F34/1000)*K34 -> 0 | M34: =(G34/1000)*K34 -> 0 | N34: =L34/F6 -> 0 | O34: =M34/F6 -> 0
A35: S.NO. | B35: QUALITY WISE PRODUCTION | C35: NO. OF SET | D35: PM/C PRODUCTION (MT) | M35: TOTAL | N35: =SUM(N11,N12,N13,N14,N15,N16,N17,N18,N19,N20,N21,N22,N23,N24,N25,N26,N27,N28,N29,N30,N31,N32,N33,N34) -> 1202.0197 | O35: =SUM(O11,O12,O13,O14,O15,O16,O17,O18,O19,O20,O21,O22,O23,O24,O25,O26,O27,O28,O29,O30,O31,O32,O33,O34,) -> 1306.2055
A36: 1 | B36: 120 GSM/18 BF (GOLDEN) | C36: 25 | F36: 43 | N36: COSTING | O36: COSTING
A37: 2 | B37: 120 GSM/18 BF (NATURAL) | C37: 42 | F37: 72 | N37: TODAY(RS./Kg) | O37: TO DATE (RS./Kg)
A38: 3 | B38: 140 GSM/18 BF ( NATURAL) | C38: 16 | F38: 27 | M38: TOTAL | N38: =N35/1000 -> 1.2020197 | O38: =O35/1000 -> 1.3062055
A39: 4
A40: 10 | B40: TOTAL | C40: =SUM(C36:C39) -> 83 | F40: =SUM(F36:F39) -> 142

Sheet 17-07-26
A1: SRI MK PAPER MILLS PVT. LTD.
A2: CHEMICAL CONSUMPTION / BALANCE & COSTING PER DAY & TODATE
A3: PRODUCTION ( MT ) | E3: 129 | F3: 2924 | G3: 139.238(AVG.) | H3: DATE : 21 - 07 - 2026
A4: PRODUCTION (MT) | C4: GOLDEN YELLOW | E4: 0 | F4: 464.5 | G4: 116.125(AVG)
A5: SR. | B5: CHEMICAL | C5: OPENING | D5: RECEIVED MATERIAL | F5: CONSUMED MATERIAL | H5: TODAY | I5: CHEMICAL | J5: TO DATE | K5: RATE | L5: TOTAL CONSUMED AMOUNT | N5: COSTING
A6: NO. | B6: NAME | C6: STOCK | D6: TO DAY | E6: TO DATE | F6: TO DAY | G6: TO DATE | H6: CONSUMPTION | I6: BALANCE | J6: CONSUMPTION | K6: RS.@ | L6: TODAY | M6: TO DATE | N6: TODAY | O6: TO DATE
C7: (Kgs.) | D7: (Kgs.) | E7: (Kgs.) | F7: (Kgs.) | G7: (Kgs.) | H7: (Kgs.)/MTP | I7: (Kgs.) | J7: (Kgs.)/MTP | K7: MT | L7: Rs. | M7: Rs. | N7: Rs./MTP | O7: Rs./MTP
A8: 1 | B8: STARCH | C8: 26000 | F8: 2900 | G8: 81300 | H8: =F8/E3 -> 22.48062 | I8: =(C8-F8)+D8 -> 23100 | J8: =G8/F3 -> 27.804378 | K8: 36000 | L8: =(F8/1000)*K8 -> 104400 | M8: =(G8/1000)*K8 -> 2926800 | N8: =L8/E3 -> 809.30233 | O8: =M8/F3 -> 1000.9576
A9: 2 | B9: PAC ( SOLID) | C9: 4976 | F9: 200 | G9: 4224 | H9: =F9/E3 -> 1.5503876 | I9: =(C9-F9)+D9 -> 4776 | J9: =G9/F3 -> 1.4445964 | K9: 33500 | L9: =(F9/1000)*K9 -> 6700 | M9: =(G9/1000)*K9 -> 141504 | N9: =L9/E3 -> 51.937984 | O9: =M9/F3 -> 48.393981
A10: 3 | B10: SURFACE SIZE (700C) | C10: 5639 | F10: 56 | G10: 1237 | H10: =F10/E3 -> 0.43410853 | I10: =(C10-F10)+D10 -> 5583 | J10: =G10/F3 -> 0.42305062 | K10: 98000 | L10: =(F10/1000)*K10 -> 5488 | M10: =(G10/1000)*K10 -> 121226 | N10: =L10/E3 -> 42.542636 | O10: =M10/F3 -> 41.45896
A11: 4 | B11: ENZYME (L) | C11: 20.28 | F11: 0.08 | G11: 1.28 | H11: =F11/E3 -> 0.00062015504 | I11: =(C11-F11)+D11 -> 20.2 | J11: =G11/F3 -> 0.0004377565 | K11: 750000 | L11: =(F11/1000)*K11 -> 60 | M11: =(G11/1000)*K11 -> 960 | N11: =L11/E3 -> 0.46511628 | O11: =M11/F3 -> 0.32831737
A12: 5 | B12: RETENTION AID (2024) | C12: 115 | F12: 14 | G12: 399 | H12: =F12/E3 -> 0.10852713 | I12: =(C12-F12)+D12 -> 101 | J12: =G12/F3 -> 0.13645691 | K12: 350000 | L12: =(F12/1000)*K12 -> 4900 | M12: =(G12/1000)*K12 -> 139650 | N12: =L12/E3 -> 37.984496 | O12: =M12/F3 -> 47.759918
A13: 6 | B13: DEFOAMER (SE 100) | C13: 1501 | F13: 35 | G13: 932 | H13: =F13/E3 -> 0.27131783 | I13: =(C13-F13)+D13 -> 1466 | J13: =G13/F3 -> 0.31874145 | K13: 204500 | L13: =(F13/1000)*K13 -> 7157.5 | M13: =(G13/1000)*K13 -> 190594 | N13: =L13/E3 -> 55.484496 | O13: =M13/F3 -> 65.182627
A14: 7 | B14: COAGULANT (CL 200) | C14: 789 | F14: 54 | G14: 1015 | H14: =F14/E3 -> 0.41860465 | I14: =(C14-F14)+D14 -> 735 | J14: =G14/F3 -> 0.34712722 | K14: 129500 | L14: =(F14/1000)*K14 -> 6993 | M14: =(G14/1000)*K14 -> 131442.5 | N14: =L14/E3 -> 54.209302 | O14: =M14/F3 -> 44.952975
A15: 8 | B15: KROFTA (303) | C15: 617 | F15: 15 | G15: 383 | H15: =F15/E3 -> 0.11627907 | I15: =(C15-F15)+D15 -> 602 | J15: =G15/F3 -> 0.13098495 | K15: 219500 | L15: =(F15/1000)*K15 -> 3292.5 | M15: =(G15/1000)*K15 -> 84068.5 | N15: =L15/E3 -> 25.523256 | O15: =M15/F3 -> 28.751197
A16: 9 | B16: BELT PRESS (SUCHEM - 638 ) | C16: 20 | F16: 0 | G16: ='16-07-26'!G19+'17-07-26'!F16 -> 0 | H16: =F16/E3 -> 0 | I16: =(C16-F16)+D16 -> 20 | J16: =G16/F3 -> 0 | K16: 348200 | L16: =(F16/1000)*K16 -> 0 | M16: =(G16/1000)*K16 -> 0 | N16: =L16/E3 -> 0 | O16: =M16/F3 -> 0
A17: 10 | B17: GOLDEN YELLOW DYE | C17: 2500 | F17: 0 | G17: ='16-07-26'!G20+'17-07-26'!F17 -> 1450 | H17: =F17/E3 -> 0 | I17: =(C17-F17)+D17 -> 2500 | J17: =G17/F3 -> 0.49589603 | K17: 172000 | L17: =(F17/1000)*K17 -> 0 | M17: =(G17/1000)*K17 -> 249400 | N17: =L17/E3 -> 0 | O17: =M17/F3 -> 85.294118
A18: 11 | B18: SE-BOND 102 (CRACKING AGENT) | C18: 48 | F18: 0 | G18: ='16-07-26'!G21+'17-07-26'!F18 -> 0 | H18: =F18/E3 -> 0 | I18: =(C18-F18)+D18 -> 48 | J18: =G18/F3 -> 0 | K18: 200000 | L18: =(F18/1000)*K18 -> 0 | M18: =(G18/1000)*K18 -> 0 | N18: =L18/E3 -> 0 | O18: =M18/F3 -> 0
A19: 12 | B19: PROMASK 192 | C19: 38.3 | D19: 250 | E19: 250 | F19: 6.3 | G19: 130.6 | H19: =F19/E3 -> 0.048837209 | I19: =(C19-F19)+D19 -> 282 | J19: =G19/F3 -> 0.044664843 | K19: 377600 | L19: =(F19/1000)*K19 -> 2378.88 | M19: =(G19/1000)*K19 -> 49314.56 | N19: =L19/E3 -> 18.44093 | O19: =M19/F3 -> 16.865445
A20: 13 | B20: PROSOLVE 126 | C20: 61.4 | D20: 200 | E20: 200 | F20: 3.5 | G20: 76.6 | H20: =F20/E3 -> 0.027131783 | I20: =(C20-F20)+D20 -> 257.9 | J20: =G20/F3 -> 0.02619699 | K20: 271400 | L20: =(F20/1000)*K20 -> 949.9 | M20: =(G20/1000)*K20 -> 20789.24 | N20: =L20/E3 -> 7.3635659 | O20: =M20/F3 -> 7.1098632
A21: 14 | B21: PROSOLVE ADV. | C21: 882.3 | D21: 2500 | E21: 2500 | F21: 48.9 | G21: 1105.8 | H21: =F21/E3 -> 0.37906977 | I21: =(C21-F21)+D21 -> 3333.4 | J21: =G21/F3 -> 0.37818057 | K21: 271400 | L21: =(F21/1000)*K21 -> 13271.46 | M21: =(G21/1000)*K21 -> 300114.12 | N21: =L21/E3 -> 102.87953 | O21: =M21/F3 -> 102.63821
A22: 15 | B22: BLEACHING POWDER (S) | C22: 77 | F22: 3 | G22: 26 | H22: =F22/E3 -> 0.023255814 | I22: =(C22-F22)+D22 -> 74 | J22: =G22/F3 -> 0.0088919289 | K22: 41000 | L22: =(F22/1000)*K22 -> 123 | M22: =(G22/1000)*K22 -> 1066 | N22: =L22/E3 -> 0.95348837 | O22: =M22/F3 -> 0.36456908
A23: 16 | B23: SODIUM HYPO CHLORIDE [HYPO] | C23: 288.4 | F23: 14.4 | G23: 161.6 | H23: =F23/E3 -> 0.11162791 | I23: =(C23-F23)+D23 -> 274 | J23: =G23/F3 -> 0.055266758 | K23: 24000 | L23: =(F23/1000)*K23 -> 345.6 | M23: =(G23/1000)*K23 -> 3878.4 | N23: =L23/E3 -> 2.6790698 | O23: =M23/F3 -> 1.3264022
A24: 17 | B24: HCL [PULP MILL] | C24: 380 | F24: 0 | G24: ='16-07-26'!G27+'17-07-26'!F24 -> 0 | H24: =F24/E3 -> 0 | I24: =(C24-F24)+D24 -> 380 | J24: =G24/F3 -> 0 | K24: 13210 | L24: =(F24/1000)*K24 -> 0 | M24: =(G24/1000)*K24 -> 0 | N24: =L24/E3 -> 0 | O24: =M24/F3 -> 0
A25: 18 | B25: HCL [BOILER] | C25: 115 | F25: 10 | G25: 145 | H25: =F25/E3 -> 0.07751938 | I25: =(C25-F25)+D25 -> 105 | J25: =G25/F3 -> 0.049589603 | K25: 14400 | L25: =(F25/1000)*K25 -> 144 | M25: =(G25/1000)*K25 -> 2088 | N25: =L25/E3 -> 1.1162791 | O25: =M25/F3 -> 0.71409029
A26: 19 | B26: pH BOOSTER [3230] (L) | C26: 132.4 | F26: 5 | G26: 79 | H26: =F26/E3 -> 0.03875969 | I26: =(C26-F26)+D26 -> 127.4 | J26: =G26/F3 -> 0.027017784 | K26: 102000 | L26: =(F26/1000)*K26 -> 510 | M26: =(G26/1000)*K26 -> 8058 | N26: =L26/E3 -> 3.9534884 | O26: =M26/F3 -> 2.755814
A27: 20 | B27: ANTI SCALEN [3220] (L) | C27: 80 | F27: 5 | G27: 105 | H27: =F27/E3 -> 0.03875969 | I27: =(C27-F27)+D27 -> 75 | J27: =G27/F3 -> 0.035909713 | K27: 107000 | L27: =(F27/1000)*K27 -> 535 | M27: =(G27/1000)*K27 -> 11235 | N27: =L27/E3 -> 4.1472868 | O27: =M27/F3 -> 3.8423393
A28: 21 | B28: OXYGEN SCAVANGER [3210] (L) | C28: 109 | F28: 3 | G28: 63 | H28: =F28/E3 -> 0.023255814 | I28: =(C28-F28)+D28 -> 106 | J28: =G28/F3 -> 0.021545828 | K28: 100000 | L28: =(F28/1000)*K28 -> 300 | M28: =(G28/1000)*K28 -> 6300 | N28: =L28/E3 -> 2.3255814 | O28: =M28/F3 -> 2.1545828
A29: 22 | B29: RO ANTI SCALEN [3291 (L) | C29: 44 | F29: 1 | G29: 21 | H29: =F29/E3 -> 0.007751938 | I29: =(C29-F29)+D29 -> 43 | J29: =G29/F3 -> 0.0071819425 | K29: 255000 | L29: =(F29/1000)*K29 -> 255 | M29: =(G29/1000)*K29 -> 5355 | N29: =L29/E3 -> 1.9767442 | O29: =M29/F3 -> 1.8313953
A30: 23 | B30: CAUSTIC SODA FLAKES | C30: 480 | F30: 0 | G30: ='16-07-26'!G33+'17-07-26'!F30 -> 0 | H30: =F30/E3 -> 0 | I30: =(C30-F30)+D30 -> 480 | J30: =G30/F3 -> 0 | K30: 56000 | L30: =(F30/1000)*K30 -> 0 | M30: =(G30/1000)*K30 -> 0 | N30: =L30/F3 -> 0 | O30: =M30/F3 -> 0
A31: 24 | B31: DESCALING [3250] (L) | C31: 0 | F31: 0 | G31: ='16-07-26'!G34+'17-07-26'!F31 -> 0 | H31: =F31/E3 -> 0 | I31: =(C31-F31)+D31 -> 0 | J31: =G31/F3 -> 0 | K31: 90000 | L31: =(F31/1000)*K31 -> 0 | M31: =(G31/1000)*K31 -> 0 | N31: =L31/F3 -> 0 | O31: =M31/F3 -> 0
A32: S.NO. | B32: QUALITY WISE PRODUCTION | C32: NO. OF SET | D32: PM/C PRODUCTION (MT) | M32: TOTAL | N32: =SUM(N8,N9,N10,N11,N12,N13,N14,N15,N16,N17,N18,N19,N20,N21,N22,N23,N24,N25,N26,N27,N28,N29,N30,N31) -> 1223.2856 | O32: =SUM(O8,O9,O10,O11,O12,O13,O14,O15,O16,O17,O18,O19,O20,O21,O22,O23,O24,O25,O26,O27,O28,O29,O30,O31,) -> 1502.6824
A33: 1 | B33: 140 GSM/18 BF ( NATURAL) | C33: 74 | F33: 129 | N33: COSTING | O33: COSTING
A34: 2 | N34: TODAY | O34: TO DATE
A35: 3 | N35: (RS./Kg) | O35: (RS./Kg)
A36: 4 | M36: TOTAL | N36: =N32/1000 -> 1.2232856 | O36: =O32/1000 -> 1.5026824
A37: 6 | B37: TOTAL | C37: =SUM(C33:C36) -> 74 | F37: =SUM(F33:F36) -> 129

Sheet 22-07-26
A1: SRI MK PAPER MILLS PVT. LTD.
A2: CHEMICAL CONSUMPTION / BALANCE & COSTING PER DAY & TODATE
A3: PRODUCTION ( MT ) | E3: 130 | F3: 3054 | G3: 138.818(AVG.) | H3: DATE : 22 - 07 - 2026
A4: PRODUCTION (MT) | C4: GOLDEN YELLOW | E4: 0 | F4: 464.5 | G4: 116.125(AVG)
A5: SR. | B5: CHEMICAL | C5: OPENING | D5: RECEIVED MATERIAL | F5: CONSUMED MATERIAL | H5: TODAY | I5: CHEMICAL | J5: TO DATE | K5: RATE | L5: TOTAL CONSUMED AMOUNT | N5: COSTING
A6: NO. | B6: NAME | C6: STOCK | D6: TO DAY | E6: TO DATE | F6: TO DAY | G6: TO DATE | H6: CONSUMPTION | I6: BALANCE | J6: CONSUMPTION | K6: RS.@ | L6: TODAY | M6: TO DATE | N6: TODAY | O6: TO DATE
C7: (Kgs.) | D7: (Kgs.) | E7: (Kgs.) | F7: (Kgs.) | G7: (Kgs.) | H7: (Kgs.)/MTP | I7: (Kgs.) | J7: (Kgs.)/MTP | K7: MT | L7: Rs. | M7: Rs. | N7: Rs./MTP | O7: Rs./MTP
A8: 1 | B8: STARCH | C8: 23100 | F8: 2850 | G8: 84150 | H8: =F8/E3 -> 21.923077 | I8: =(C8-F8)+D8 -> 20250 | J8: =G8/F3 -> 27.554028 | K8: 36000 | L8: =(F8/1000)*K8 -> 102600 | M8: =(G8/1000)*K8 -> 3029400 | N8: =L8/E3 -> 789.23077 | O8: =M8/F3 -> 991.94499
A9: 2 | B9: PAC ( SOLID) | C9: 4776 | F9: 200 | G9: 4424 | H9: =F9/E3 -> 1.5384615 | I9: =(C9-F9)+D9 -> 4576 | J9: =G9/F3 -> 1.448592 | K9: 33500 | L9: =(F9/1000)*K9 -> 6700 | M9: =(G9/1000)*K9 -> 148204 | N9: =L9/E3 -> 51.538462 | O9: =M9/F3 -> 48.527832
A10: 3 | B10: SURFACE SIZE (700C) | C10: 5583 | F10: 56 | G10: 1293 | H10: =F10/E3 -> 0.43076923 | I10: =(C10-F10)+D10 -> 5527 | J10: =G10/F3 -> 0.42337917 | K10: 98000 | L10: =(F10/1000)*K10 -> 5488 | M10: =(G10/1000)*K10 -> 126714 | N10: =L10/E3 -> 42.215385 | O10: =M10/F3 -> 41.491159
A11: 4 | B11: ENZYME (L) | C11: 20.2 | F11: 0.08 | G11: 1.36 | H11: =F11/E3 -> 0.00061538462 | I11: =(C11-F11)+D11 -> 20.12 | J11: =G11/F3 -> 0.00044531762 | K11: 750000 | L11: =(F11/1000)*K11 -> 60 | M11: =(G11/1000)*K11 -> 1020 | N11: =L11/E3 -> 0.46153846 | O11: =M11/F3 -> 0.33398821
A12: 5 | B12: RETENTION AID (2024) | C12: 101 | D12: 1000 | E12: 1000 | F12: 17 | G12: 416 | H12: =F12/E3 -> 0.13076923 | I12: =(C12-F12)+D12 -> 1084 | J12: =G12/F3 -> 0.1362148 | K12: 350000 | L12: =(F12/1000)*K12 -> 5950 | M12: =(G12/1000)*K12 -> 145600 | N12: =L12/E3 -> 45.769231 | O12: =M12/F3 -> 47.67518
A13: 6 | B13: DEFOAMER (SE 100) | C13: 1466 | F13: 35 | G13: 967 | H13: =F13/E3 -> 0.26923077 | I13: =(C13-F13)+D13 -> 1431 | J13: =G13/F3 -> 0.31663392 | K13: 204500 | L13: =(F13/1000)*K13 -> 7157.5 | M13: =(G13/1000)*K13 -> 197751.5 | N13: =L13/E3 -> 55.057692 | O13: =M13/F3 -> 64.751637
A14: 7 | B14: COAGULANT (CL 200) | C14: 735 | D14: 3000 | E14: 3000 | F14: 54 | G14: 1069 | H14: =F14/E3 -> 0.41538462 | I14: =(C14-F14)+D14 -> 3681 | J14: =G14/F3 -> 0.35003274 | K14: 129500 | L14: =(F14/1000)*K14 -> 6993 | M14: =(G14/1000)*K14 -> 138435.5 | N14: =L14/E3 -> 53.792308 | O14: =M14/F3 -> 45.32924
A15: 8 | B15: KROFTA (303) | C15: 602 | D15: 500 | E15: 500 | F15: 20 | G15: 403 | H15: =F15/E3 -> 0.15384615 | I15: =(C15-F15)+D15 -> 1082 | J15: =G15/F3 -> 0.13195809 | K15: 219500 | L15: =(F15/1000)*K15 -> 4390 | M15: =(G15/1000)*K15 -> 88458.5 | N15: =L15/E3 -> 33.769231 | O15: =M15/F3 -> 28.9648
A16: 9 | B16: BELT PRESS (SUCHEM - 638 ) | C16: 20 | F16: 0 | G16: ='16-07-26'!G19+'17-07-26'!F16 -> 0 | H16: =F16/E3 -> 0 | I16: =(C16-F16)+D16 -> 20 | J16: =G16/F3 -> 0 | K16: 348200 | L16: =(F16/1000)*K16 -> 0 | M16: =(G16/1000)*K16 -> 0 | N16: =L16/E3 -> 0 | O16: =M16/F3 -> 0
A17: 10 | B17: GOLDEN YELLOW DYE | C17: 2500 | F17: 0 | G17: ='16-07-26'!G20+'17-07-26'!F17 -> 1450 | H17: =F17/E3 -> 0 | I17: =(C17-F17)+D17 -> 2500 | J17: =G17/F3 -> 0.47478716 | K17: 172000 | L17: =(F17/1000)*K17 -> 0 | M17: =(G17/1000)*K17 -> 249400 | N17: =L17/E3 -> 0 | O17: =M17/F3 -> 81.663392
A18: 11 | B18: SE-BOND 102(CRACKING AGENT) | C18: 48 | F18: 0 | G18: ='16-07-26'!G21+'17-07-26'!F18 -> 0 | H18: =F18/E3 -> 0 | I18: =(C18-F18)+D18 -> 48 | J18: =G18/F3 -> 0 | K18: 200000 | L18: =(F18/1000)*K18 -> 0 | M18: =(G18/1000)*K18 -> 0 | N18: =L18/E3 -> 0 | O18: =M18/F3 -> 0
A19: 12 | B19: PROMASK 192 | C19: 282 | E19: 250 | F19: 7.1 | G19: 137.7 | H19: =F19/E3 -> 0.054615385 | I19: =(C19-F19)+D19 -> 274.9 | J19: =G19/F3 -> 0.045088409 | K19: 377600 | L19: =(F19/1000)*K19 -> 2680.96 | M19: =(G19/1000)*K19 -> 51995.52 | N19: =L19/E3 -> 20.622769 | O19: =M19/F3 -> 17.025383
A20: 13 | B20: PROSOLVE 126 | C20: 257.9 | E20: 200 | F20: 3.9 | G20: 80.5 | H20: =F20/E3 -> 0.03 | I20: =(C20-F20)+D20 -> 254 | J20: =G20/F3 -> 0.026358874 | K20: 271400 | L20: =(F20/1000)*K20 -> 1058.46 | M20: =(G20/1000)*K20 -> 21847.7 | N20: =L20/E3 -> 8.142 | O20: =M20/F3 -> 7.1537983
A21: 14 | B21: PROSOLVE ADV. | C21: 3333.4 | E21: 2500 | F21: 54.7 | G21: 1160.5 | H21: =F21/E3 -> 0.42076923 | I21: =(C21-F21)+D21 -> 3278.7 | J21: =G21/F3 -> 0.37999345 | K21: 271400 | L21: =(F21/1000)*K21 -> 14845.58 | M21: =(G21/1000)*K21 -> 314959.7 | N21: =L21/E3 -> 114.19677 | O21: =M21/F3 -> 103.13022
A22: 15 | B22: BLEACHING POWDER (S) | C22: 74 | F22: 0 | G22: 26 | H22: =F22/E3 -> 0 | I22: =(C22-F22)+D22 -> 74 | J22: =G22/F3 -> 0.008513425 | K22: 41000 | L22: =(F22/1000)*K22 -> 0 | M22: =(G22/1000)*K22 -> 1066 | N22: =L22/E3 -> 0 | O22: =M22/F3 -> 0.34905043
A23: 16 | B23: SODIUM HYPO CHLORIDE [HYPO] | C23: 274 | F23: 14.4 | G23: 176 | H23: =F23/E3 -> 0.11076923 | I23: =(C23-F23)+D23 -> 259.6 | J23: =G23/F3 -> 0.057629339 | K23: 24000 | L23: =(F23/1000)*K23 -> 345.6 | M23: =(G23/1000)*K23 -> 4224 | N23: =L23/E3 -> 2.6584615 | O23: =M23/F3 -> 1.3831041
A24: 17 | B24: HCL [PULP MILL] | C24: 380 | F24: 0 | G24: ='16-07-26'!G27+'17-07-26'!F24 -> 0 | H24: =F24/E3 -> 0 | I24: =(C24-F24)+D24 -> 380 | J24: =G24/F3 -> 0 | K24: 13210 | L24: =(F24/1000)*K24 -> 0 | M24: =(G24/1000)*K24 -> 0 | N24: =L24/E3 -> 0 | O24: =M24/F3 -> 0
A25: 18 | B25: HCL [BOILER] | C25: 105 | F25: 5 | G25: 150 | H25: =F25/E3 -> 0.038461538 | I25: =(C25-F25)+D25 -> 100 | J25: =G25/F3 -> 0.049115914 | K25: 14400 | L25: =(F25/1000)*K25 -> 72 | M25: =(G25/1000)*K25 -> 2160 | N25: =L25/E3 -> 0.55384615 | O25: =M25/F3 -> 0.70726916
A26: 19 | B26: pH BOOSTER [3230] (L) | C26: 127.4 | F26: 4 | G26: 83 | H26: =F26/E3 -> 0.030769231 | I26: =(C26-F26)+D26 -> 123.4 | J26: =G26/F3 -> 0.027177472 | K26: 102000 | L26: =(F26/1000)*K26 -> 408 | M26: =(G26/1000)*K26 -> 8466 | N26: =L26/E3 -> 3.1384615 | O26: =M26/F3 -> 2.7721022
A27: 20 | B27: ANTI SCALEN [3220] (L) | C27: 75 | F27: 5 | G27: 110 | H27: =F27/E3 -> 0.038461538 | I27: =(C27-F27)+D27 -> 70 | J27: =G27/F3 -> 0.036018337 | K27: 107000 | L27: =(F27/1000)*K27 -> 535 | M27: =(G27/1000)*K27 -> 11770 | N27: =L27/E3 -> 4.1153846 | O27: =M27/F3 -> 3.853962
A28: 21 | B28: OXYGEN SCAVANGER [3210] (L) | C28: 106 | F28: 3 | G28: 66 | H28: =F28/E3 -> 0.023076923 | I28: =(C28-F28)+D28 -> 103 | J28: =G28/F3 -> 0.021611002 | K28: 100000 | L28: =(F28/1000)*K28 -> 300 | M28: =(G28/1000)*K28 -> 6600 | N28: =L28/E3 -> 2.3076923 | O28: =M28/F3 -> 2.1611002
A29: 22 | B29: RO ANTI SCALEN [3291 (L) | C29: 43 | F29: 1 | G29: 22 | H29: =F29/E3 -> 0.0076923077 | I29: =(C29-F29)+D29 -> 42 | J29: =G29/F3 -> 0.0072036673 | K29: 255000 | L29: =(F29/1000)*K29 -> 255 | M29: =(G29/1000)*K29 -> 5610 | N29: =L29/E3 -> 1.9615385 | O29: =M29/F3 -> 1.8369352
A30: 23 | B30: CAUSTIC SODA FLAKES | C30: 480 | F30: 0 | G30: ='16-07-26'!G33+'17-07-26'!F30 -> 0 | H30: =F30/E3 -> 0 | I30: =(C30-F30)+D30 -> 480 | J30: =G30/F3 -> 0 | K30: 56000 | L30: =(F30/1000)*K30 -> 0 | M30: =(G30/1000)*K30 -> 0 | N30: =L30/F3 -> 0 | O30: =M30/F3 -> 0
A31: 24 | B31: DESCALING [3250] (L) | C31: 0 | F31: 0 | G31: ='16-07-26'!G34+'17-07-26'!F31 -> 0 | H31: =F31/E3 -> 0 | I31: =(C31-F31)+D31 -> 0 | J31: =G31/F3 -> 0 | K31: 90000 | L31: =(F31/1000)*K31 -> 0 | M31: =(G31/1000)*K31 -> 0 | N31: =L31/F3 -> 0 | O31: =M31/F3 -> 0
A32: S.NO. | B32: QUALITY WISE PRODUCTION | C32: NO. OF SET | D32: PM/C PRODUCTION (MT) | M32: TOTAL | N32: =SUM(N8,N9,N10,N11,N12,N13,N14,N15,N16,N17,N18,N19,N20,N21,N22,N23,N24,N25,N26,N27,N28,N29,N30,N31) -> 1229.5315 | O32: =SUM(O8,O9,O10,O11,O12,O13,O14,O15,O16,O17,O18,O19,O20,O21,O22,O23,O24,O25,O26,O27,O28,O29,O30,O31,) -> 1491.0551
A33: 1 | B33: 140 GSM/18 BF ( NATURAL) | C33: 2 | F33: 3.5 | N33: COSTING | O33: COSTING
A34: 2 | B34: 120 GSM/18 BF ( NATURAL) | C34: 73 | F34: 126.5 | N34: TODAY | O34: TO DATE
A35: 3 | N35: (RS./Kg) | O35: (RS./Kg)
A36: 4 | M36: TOTAL | N36: =N32/1000 -> 1.2295315 | O36: =O32/1000 -> 1.4910551
A37: 6 | B37: TOTAL | C37: =SUM(C33:C36) -> 75 | F37: =SUM(F33:F36) -> 130

Sheet Sheet1
A1: SRI MK PAPER MILLS PVT. LTD.
A2: CHEMICAL CONSUMPTION / BALANCE & COSTING PER DAY & TODATE
A3: PRODUCTION ( MT ) | E3: 134 | F3: 3188 | G3: 138.609(AVG.) | I3: DATE : 23 - 07 - 2026
A4: PRODUCTION (MT) | C4: GOLDEN YELLOW | E4: 0 | F4: 464.5 | G4: 116.125(AVG)
A5: SR. | B5: CHEMICAL | C5: OPENING | D5: RECEIVED MATERIAL | F5: CONSUMED MATERIAL | H5: TODAY | I5: CHEMICAL | J5: TO DATE | K5: RATE | L5: TOTAL CONSUMED AMOUNT | N5: COSTING
A6: NO. | B6: NAME | C6: STOCK | D6: TO DAY | E6: TO DATE | F6: TO DAY | G6: TO DATE | H6: CONSUMPTION | I6: BALANCE | J6: CONSUMPTION | K6: RS.@ | L6: TODAY | M6: TO DATE | N6: TODAY | O6: TO DATE
C7: (Kgs.) | D7: (Kgs.) | E7: (Kgs.) | F7: (Kgs.) | G7: (Kgs.) | H7: (Kgs.)/MTP | I7: (Kgs.) | J7: (Kgs.)/MTP | K7: MT | L7: Rs. | M7: Rs. | N7: Rs./MTP | O7: Rs./MTP
A8: 1 | B8: STARCH | C8: 20250 | F8: 3000 | G8: 87150 | H8: =F8/E3 -> 22.38806 | I8: =(C8-F8)+D8 -> 17250 | J8: =G8/F3 -> 27.336888 | K8: 36000 | L8: =(F8/1000)*K8 -> 108000 | M8: =(G8/1000)*K8 -> 3137400 | N8: =L8/E3 -> 805.97015 | O8: =M8/F3 -> 984.12798
A9: 2 | B9: PAC ( SOLID) | C9: 4576 | F9: 223 | G9: 4647 | H9: =F9/E3 -> 1.6641791 | I9: =(C9-F9)+D9 -> 4353 | J9: =G9/F3 -> 1.4576537 | K9: 33500 | L9: =(F9/1000)*K9 -> 7470.5 | M9: =(G9/1000)*K9 -> 155674.5 | N9: =L9/E3 -> 55.75 | O9: =M9/F3 -> 48.831399
A10: 3 | B10: SURFACE SIZE (700C) | C10: 5527 | F10: 63 | G10: 1356 | H10: =F10/E3 -> 0.47014925 | I10: =(C10-F10)+D10 -> 5464 | J10: =G10/F3 -> 0.42534504 | K10: 98000 | L10: =(F10/1000)*K10 -> 6174 | M10: =(G10/1000)*K10 -> 132888 | N10: =L10/E3 -> 46.074627 | O10: =M10/F3 -> 41.683814
A11: 4 | B11: ENZYME (L) | C11: 20.12 | F11: 0.08 | G11: 1.44 | H11: =F11/E3 -> 0.00059701493 | I11: =(C11-F11)+D11 -> 20.04 | J11: =G11/F3 -> 0.00045169385 | K11: 750000 | L11: =(F11/1000)*K11 -> 60 | M11: =(G11/1000)*K11 -> 1080 | N11: =L11/E3 -> 0.44776119 | O11: =M11/F3 -> 0.33877039
A12: 5 | B12: RETENTION AID (2024) | C12: 1084 | E12: 1000 | F12: 16 | G12: 432 | H12: =F12/E3 -> 0.11940299 | I12: =(C12-F12)+D12 -> 1068 | J12: =G12/F3 -> 0.13550816 | K12: 350000 | L12: =(F12/1000)*K12 -> 5600 | M12: =(G12/1000)*K12 -> 151200 | N12: =L12/E3 -> 41.791045 | O12: =M12/F3 -> 47.427854
A13: 6 | B13: DEFOAMER (SE 100) | C13: 1431 | F13: 40 | G13: 1007 | H13: =F13/E3 -> 0.29850746 | I13: =(C13-F13)+D13 -> 1391 | J13: =G13/F3 -> 0.31587202 | K13: 204500 | L13: =(F13/1000)*K13 -> 8180 | M13: =(G13/1000)*K13 -> 205931.5 | N13: =L13/E3 -> 61.044776 | O13: =M13/F3 -> 64.595828
A14: 7 | B14: COAGULANT (CL 200) | C14: 3681 | E14: 3000 | F14: 44 | G14: 1113 | H14: =F14/E3 -> 0.32835821 | I14: =(C14-F14)+D14 -> 3637 | J14: =G14/F3 -> 0.34912171 | K14: 129500 | L14: =(F14/1000)*K14 -> 5698 | M14: =(G14/1000)*K14 -> 144133.5 | N14: =L14/E3 -> 42.522388 | O14: =M14/F3 -> 45.211261
A15: 8 | B15: KROFTA (303) | C15: 1082 | E15: 500 | F15: 20 | G15: 423 | H15: =F15/E3 -> 0.14925373 | I15: =(C15-F15)+D15 -> 1062 | J15: =G15/F3 -> 0.13268507 | K15: 219500 | L15: =(F15/1000)*K15 -> 4390 | M15: =(G15/1000)*K15 -> 92848.5 | N15: =L15/E3 -> 32.761194 | O15: =M15/F3 -> 29.124373
A16: 9 | B16: BELT PRESS (SUCHEM - 638 ) | C16: 20 | F16: 0 | G16: ='16-07-26'!G19+'17-07-26'!F16 -> 0 | H16: =F16/E3 -> 0 | I16: =(C16-F16)+D16 -> 20 | J16: =G16/F3 -> 0 | K16: 348200 | L16: =(F16/1000)*K16 -> 0 | M16: =(G16/1000)*K16 -> 0 | N16: =L16/E3 -> 0 | O16: =M16/F3 -> 0
A17: 10 | B17: GOLDEN YELLOW DYE | C17: 2500 | F17: 0 | G17: ='16-07-26'!G20+'17-07-26'!F17 -> 1450 | H17: =F17/E3 -> 0 | I17: =(C17-F17)+D17 -> 2500 | J17: =G17/F3 -> 0.45483061 | K17: 172000 | L17: =(F17/1000)*K17 -> 0 | M17: =(G17/1000)*K17 -> 249400 | N17: =L17/E3 -> 0 | O17: =M17/F3 -> 78.230866
A18: 11 | B18: SE-BOND 102(CRACKING AGENT) | C18: 0 | F18: 0 | G18: ='16-07-26'!G21+'17-07-26'!F18 -> 0 | H18: =F18/E3 -> 0 | I18: =(C18-F18)+D18 -> 0 | J18: =G18/F3 -> 0 | K18: 200000 | L18: =(F18/1000)*K18 -> 0 | M18: =(G18/1000)*K18 -> 0 | N18: =L18/E3 -> 0 | O18: =M18/F3 -> 0
A19: 12 | B19: PROMASK 192 | C19: 274.9 | E19: 250 | F19: 7.8 | G19: 145.5 | H19: =F19/E3 -> 0.058208955 | I19: =(C19-F19)+D19 -> 267.1 | J19: =G19/F3 -> 0.0456399 | K19: 377600 | L19: =(F19/1000)*K19 -> 2945.28 | M19: =(G19/1000)*K19 -> 54940.8 | N19: =L19/E3 -> 21.979701 | O19: =M19/F3 -> 17.233626
A20: 13 | B20: PROSOLVE 126 | C20: 254 | E20: 200 | F20: 4.4 | G20: 84.9 | H20: =F20/E3 -> 0.032835821 | I20: =(C20-F20)+D20 -> 249.6 | J20: =G20/F3 -> 0.026631117 | K20: 271400 | L20: =(F20/1000)*K20 -> 1194.16 | M20: =(G20/1000)*K20 -> 23041.86 | N20: =L20/E3 -> 8.9116418 | O20: =M20/F3 -> 7.2276851
A21: 14 | B21: PROSOLVE ADV. | C21: 3278.7 | E21: 2500 | F21: 60.4 | G21: 1220.9 | H21: =F21/E3 -> 0.45074627 | I21: =(C21-F21)+D21 -> 3218.3 | J21: =G21/F3 -> 0.38296738 | K21: 271400 | L21: =(F21/1000)*K21 -> 16392.56 | M21: =(G21/1000)*K21 -> 331352.26 | N21: =L21/E3 -> 122.33254 | O21: =M21/F3 -> 103.93735
A22: 15 | B22: BLEACHING POWDER (S) | C22: 74 | F22: 3 | G22: 29 | H22: =F22/E3 -> 0.02238806 | I22: =(C22-F22)+D22 -> 71 | J22: =G22/F3 -> 0.0090966123 | K22: 41000 | L22: =(F22/1000)*K22 -> 123 | M22: =(G22/1000)*K22 -> 1189 | N22: =L22/E3 -> 0.91791045 | O22: =M22/F3 -> 0.3729611
A23: 16 | B23: SODIUM HYPO CHLORIDE [HYPO] | C23: 259.6 | F23: 14.4 | G23: 190.4 | H23: =F23/E3 -> 0.10746269 | I23: =(C23-F23)+D23 -> 245.2 | J23: =G23/F3 -> 0.059723965 | K23: 24000 | L23: =(F23/1000)*K23 -> 345.6 | M23: =(G23/1000)*K23 -> 4569.6 | N23: =L23/E3 -> 2.5791045 | O23: =M23/F3 -> 1.4333752
A24: 17 | B24: HCL [PULP MILL] | C24: 380 | F24: 0 | G24: ='16-07-26'!G27+'17-07-26'!F24 -> 0 | H24: =F24/E3 -> 0 | I24: =(C24-F24)+D24 -> 380 | J24: =G24/F3 -> 0 | K24: 13210 | L24: =(F24/1000)*K24 -> 0 | M24: =(G24/1000)*K24 -> 0 | N24: =L24/E3 -> 0 | O24: =M24/F3 -> 0
A25: 18 | B25: HCL [BOILER] | C25: 100 | F25: 5 | G25: 155 | H25: =F25/E3 -> 0.037313433 | I25: =(C25-F25)+D25 -> 95 | J25: =G25/F3 -> 0.048619824 | K25: 14400 | L25: =(F25/1000)*K25 -> 72 | M25: =(G25/1000)*K25 -> 2232 | N25: =L25/E3 -> 0.53731343 | O25: =M25/F3 -> 0.70012547
A26: 19 | B26: pH BOOSTER [3230] (L) | C26: 123.4 | F26: 5 | G26: 88 | H26: =F26/E3 -> 0.037313433 | I26: =(C26-F26)+D26 -> 118.4 | J26: =G26/F3 -> 0.027603513 | K26: 102000 | L26: =(F26/1000)*K26 -> 510 | M26: =(G26/1000)*K26 -> 8976 | N26: =L26/E3 -> 3.8059701 | O26: =M26/F3 -> 2.8155583
A27: 20 | B27: ANTI SCALEN [3220] (L) | C27: 70 | F27: 5 | G27: 115 | H27: =F27/E3 -> 0.037313433 | I27: =(C27-F27)+D27 -> 65 | J27: =G27/F3 -> 0.036072773 | K27: 107000 | L27: =(F27/1000)*K27 -> 535 | M27: =(G27/1000)*K27 -> 12305 | N27: =L27/E3 -> 3.9925373 | O27: =M27/F3 -> 3.8597867
A28: 21 | B28: OXYGEN SCAVANGER [3210] (L) | C28: 103 | F28: 3 | G28: 69 | H28: =F28/E3 -> 0.02238806 | I28: =(C28-F28)+D28 -> 100 | J28: =G28/F3 -> 0.021643664 | K28: 100000 | L28: =(F28/1000)*K28 -> 300 | M28: =(G28/1000)*K28 -> 6900 | N28: =L28/E3 -> 2.238806 | O28: =M28/F3 -> 2.1643664
A29: 22 | B29: RO ANTI SCALEN [3291 (L) | C29: 42 | F29: 1 | G29: 23 | H29: =F29/E3 -> 0.0074626866 | I29: =(C29-F29)+D29 -> 41 | J29: =G29/F3 -> 0.0072145546 | K29: 255000 | L29: =(F29/1000)*K29 -> 255 | M29: =(G29/1000)*K29 -> 5865 | N29: =L29/E3 -> 1.9029851 | O29: =M29/F3 -> 1.8397114
A30: 23 | B30: CAUSTIC SODA FLAKES | C30: 480 | F30: 0 | G30: ='16-07-26'!G33+'17-07-26'!F30 -> 0 | H30: =F30/E3 -> 0 | I30: =(C30-F30)+D30 -> 480 | J30: =G30/F3 -> 0 | K30: 56000 | L30: =(F30/1000)*K30 -> 0 | M30: =(G30/1000)*K30 -> 0 | N30: =L30/F3 -> 0 | O30: =M30/F3 -> 0
A31: 24 | B31: DESCALING [3250] (L) | C31: 0 | F31: 0 | G31: ='16-07-26'!G34+'17-07-26'!F31 -> 0 | H31: =F31/E3 -> 0 | I31: =(C31-F31)+D31 -> 0 | J31: =G31/F3 -> 0 | K31: 90000 | L31: =(F31/1000)*K31 -> 0 | M31: =(G31/1000)*K31 -> 0 | N31: =L31/F3 -> 0 | O31: =M31/F3 -> 0
A32: S.NO. | B32: QUALITY WISE PRODUCTION | C32: NO. OF SET | D32: PM/C PRODUCTION (MT) | M32: TOTAL | N32: =SUM(N8,N9,N10,N11,N12,N13,N14,N15,N16,N17,N18,N19,N20,N21,N22,N23,N24,N25,N26,N27,N28,N29,N30,N31) -> 1255.5604 | O32: =SUM(O8,O9,O10,O11,O12,O13,O14,O15,O16,O17,O18,O19,O20,O21,O22,O23,O24,O25,O26,O27,O28,O29,O30,O31,) -> 1481.1567
A33: 1 | B33: 120 GSM/18 BF ( NATURAL) | C33: 65 | F33: 112 | N33: COSTING | O33: COSTING
A34: 2 | B34: 120 GSM/20 BF ( NATURAL) | C34: 10 | F34: 17 | N34: TODAY | O34: TO DATE
A35: 3 | B35: 150 GSM/18 BF ( NATURAL) | C35: 3 | F35: 5 | N35: (RS./Kg) | O35: (RS./Kg)
A36: 4 | M36: TOTAL | N36: =N32/1000 -> 1.2555604 | O36: =O32/1000 -> 1.4811567
A37: 5 | B37: TOTAL | C37: =SUM(C33:C36) -> 78 | F37: =SUM(F33:F36) -> 134

Sheet Sheet2
A1: SRI MK PAPER MILLS PVT. LTD.
A2: CHEMICAL CONSUMPTION / BALANCE & COSTING PER DAY & TODATE
A3: PRODUCTION ( MT ) | E3: 185 | F3: 3373 | G3: 140.542(AVG.) | I3: DATE : 24 - 07 - 2026
A4: PRODUCTION (MT) | C4: GOLDEN YELLOW | E4: 0 | F4: 464.5 | G4: 116.125(AVG)
A5: SR. | B5: CHEMICAL | C5: OPENING | D5: RECEIVED MATERIAL | F5: CONSUMED MATERIAL | H5: TODAY | I5: CHEMICAL | J5: TO DATE | K5: RATE | L5: TOTAL CONSUMED AMOUNT | N5: COSTING
A6: NO. | B6: NAME | C6: STOCK | D6: TO DAY | E6: TO DATE | F6: TO DAY | G6: TO DATE | H6: CONSUMPTION | I6: BALANCE | J6: CONSUMPTION | K6: RS.@ | L6: TODAY | M6: TO DATE | N6: TODAY | O6: TO DATE
C7: (Kgs.) | D7: (Kgs.) | E7: (Kgs.) | F7: (Kgs.) | G7: (Kgs.) | H7: (Kgs.)/MTP | I7: (Kgs.) | J7: (Kgs.)/MTP | K7: MT | L7: Rs. | M7: Rs. | N7: Rs./MTP | O7: Rs./MTP
A8: 1 | B8: STARCH | C8: 17250 | F8: 6150 | G8: 93300 | H8: =F8/E3 -> 33.243243 | I8: =(C8-F8)+D8 -> 11100 | J8: =G8/F3 -> 27.660836 | K8: 36000 | L8: =(F8/1000)*K8 -> 221400 | M8: =(G8/1000)*K8 -> 3358800 | N8: =L8/E3 -> 1196.7568 | O8: =M8/F3 -> 995.7901
A9: 2 | B9: PAC ( SOLID) | C9: 4353 | F9: 222 | G9: 4869 | H9: =F9/E3 -> 1.2 | I9: =(C9-F9)+D9 -> 4131 | J9: =G9/F3 -> 1.4435221 | K9: 33500 | L9: =(F9/1000)*K9 -> 7437 | M9: =(G9/1000)*K9 -> 163111.5 | N9: =L9/E3 -> 40.2 | O9: =M9/F3 -> 48.35799
A10: 3 | B10: SURFACE SIZE (700C) | C10: 5464 | F10: 65 | G10: 1421 | H10: =F10/E3 -> 0.35135135 | I10: =(C10-F10)+D10 -> 5399 | J10: =G10/F3 -> 0.42128669 | K10: 98000 | L10: =(F10/1000)*K10 -> 6370 | M10: =(G10/1000)*K10 -> 139258 | N10: =L10/E3 -> 34.432432 | O10: =M10/F3 -> 41.286095
A11: 4 | B11: ENZYME (L) | C11: 20.04 | F11: 0.11 | G11: 1.55 | H11: =F11/E3 -> 0.00059459459 | I11: =(C11-F11)+D11 -> 19.93 | J11: =G11/F3 -> 0.00045953157 | K11: 750000 | L11: =(F11/1000)*K11 -> 82.5 | M11: =(G11/1000)*K11 -> 1162.5 | N11: =L11/E3 -> 0.44594595 | O11: =M11/F3 -> 0.34464868
A12: 5 | B12: RETENTION AID (2024) | C12: 1068 | E12: 1000 | F12: 23 | G12: 455 | H12: =F12/E3 -> 0.12432432 | I12: =(C12-F12)+D12 -> 1045 | J12: =G12/F3 -> 0.13489475 | K12: 350000 | L12: =(F12/1000)*K12 -> 8050 | M12: =(G12/1000)*K12 -> 159250 | N12: =L12/E3 -> 43.513514 | O12: =M12/F3 -> 47.213163
A13: 6 | B13: DEFOAMER (SE 100) | C13: 1391 | F13: 50 | G13: 1057 | H13: =F13/E3 -> 0.27027027 | I13: =(C13-F13)+D13 -> 1341 | J13: =G13/F3 -> 0.31337089 | K13: 204500 | L13: =(F13/1000)*K13 -> 10225 | M13: =(G13/1000)*K13 -> 216156.5 | N13: =L13/E3 -> 55.27027 | O13: =M13/F3 -> 64.084346
A14: 7 | B14: COAGULANT (CL 200) | C14: 3637 | E14: 3000 | F14: 54 | G14: 1167 | H14: =F14/E3 -> 0.29189189 | I14: =(C14-F14)+D14 -> 3583 | J14: =G14/F3 -> 0.3459828 | K14: 129500 | L14: =(F14/1000)*K14 -> 6993 | M14: =(G14/1000)*K14 -> 151126.5 | N14: =L14/E3 -> 37.8 | O14: =M14/F3 -> 44.804773
A15: 8 | B15: KROFTA (303) | C15: 1062 | E15: 500 | F15: 20 | G15: 443 | H15: =F15/E3 -> 0.10810811 | I15: =(C15-F15)+D15 -> 1042 | J15: =G15/F3 -> 0.13133709 | K15: 219500 | L15: =(F15/1000)*K15 -> 4390 | M15: =(G15/1000)*K15 -> 97238.5 | N15: =L15/E3 -> 23.72973 | O15: =M15/F3 -> 28.828491
A16: 9 | B16: BELT PRESS (SUCHEM - 638 ) | C16: 20 | F16: 0 | G16: ='16-07-26'!G19+'17-07-26'!F16 -> 0 | H16: =F16/E3 -> 0 | I16: =(C16-F16)+D16 -> 20 | J16: =G16/F3 -> 0 | K16: 348200 | L16: =(F16/1000)*K16 -> 0 | M16: =(G16/1000)*K16 -> 0 | N16: =L16/E3 -> 0 | O16: =M16/F3 -> 0
A17: 10 | B17: GOLDEN YELLOW DYE | C17: 2500 | F17: 0 | G17: ='16-07-26'!G20+'17-07-26'!F17 -> 1450 | H17: =F17/E3 -> 0 | I17: =(C17-F17)+D17 -> 2500 | J17: =G17/F3 -> 0.42988438 | K17: 172000 | L17: =(F17/1000)*K17 -> 0 | M17: =(G17/1000)*K17 -> 249400 | N17: =L17/E3 -> 0 | O17: =M17/F3 -> 73.940113
A18: 11 | B18: SE-BOND 102(CRACKING AGENT) | C18: 0 | F18: 0 | G18: ='16-07-26'!G21+'17-07-26'!F18 -> 0 | H18: =F18/E3 -> 0 | I18: =(C18-F18)+D18 -> 0 | J18: =G18/F3 -> 0 | K18: 200000 | L18: =(F18/1000)*K18 -> 0 | M18: =(G18/1000)*K18 -> 0 | N18: =L18/E3 -> 0 | O18: =M18/F3 -> 0
A19: 12 | B19: PROMASK 192 | C19: 267.1 | E19: 250 | F19: 8.4 | G19: 153.9 | H19: =F19/E3 -> 0.045405405 | I19: =(C19-F19)+D19 -> 258.7 | J19: =G19/F3 -> 0.045627038 | K19: 377600 | L19: =(F19/1000)*K19 -> 3171.84 | M19: =(G19/1000)*K19 -> 58112.64 | N19: =L19/E3 -> 17.145081 | O19: =M19/F3 -> 17.22877
A20: 13 | B20: PROSOLVE 126 | C20: 249.6 | E20: 200 | F20: 4.7 | G20: 89.6 | H20: =F20/E3 -> 0.025405405 | I20: =(C20-F20)+D20 -> 244.9 | J20: =G20/F3 -> 0.02656389 | K20: 271400 | L20: =(F20/1000)*K20 -> 1275.58 | M20: =(G20/1000)*K20 -> 24317.44 | N20: =L20/E3 -> 6.895027 | O20: =M20/F3 -> 7.2094397
A21: 14 | B21: PROSOLVE ADV. | C21: 3218.3 | E21: 2500 | F21: 64.8 | G21: 1285.7 | H21: =F21/E3 -> 0.35027027 | I21: =(C21-F21)+D21 -> 3153.5 | J21: =G21/F3 -> 0.38117403 | K21: 271400 | L21: =(F21/1000)*K21 -> 17586.72 | M21: =(G21/1000)*K21 -> 348938.98 | N21: =L21/E3 -> 95.063351 | O21: =M21/F3 -> 103.45063
A22: 15 | B22: BLEACHING POWDER (S) | C22: 71 | F22: 3 | G22: 32 | H22: =F22/E3 -> 0.016216216 | I22: =(C22-F22)+D22 -> 68 | J22: =G22/F3 -> 0.0094871035 | K22: 41000 | L22: =(F22/1000)*K22 -> 123 | M22: =(G22/1000)*K22 -> 1312 | N22: =L22/E3 -> 0.66486486 | O22: =M22/F3 -> 0.38897124
A23: 16 | B23: SODIUM HYPO CHLORIDE [HYPO] | C23: 245.2 | F23: 14.4 | G23: 204.8 | H23: =F23/E3 -> 0.077837838 | I23: =(C23-F23)+D23 -> 230.8 | J23: =G23/F3 -> 0.060717462 | K23: 24000 | L23: =(F23/1000)*K23 -> 345.6 | M23: =(G23/1000)*K23 -> 4915.2 | N23: =L23/E3 -> 1.8681081 | O23: =M23/F3 -> 1.4572191
A24: 17 | B24: HCL [PULP MILL] | C24: 380 | F24: 0 | G24: ='16-07-26'!G27+'17-07-26'!F24 -> 0 | H24: =F24/E3 -> 0 | I24: =(C24-F24)+D24 -> 380 | J24: =G24/F3 -> 0 | K24: 13210 | L24: =(F24/1000)*K24 -> 0 | M24: =(G24/1000)*K24 -> 0 | N24: =L24/E3 -> 0 | O24: =M24/F3 -> 0
A25: 18 | B25: HCL [BOILER] | C25: 95 | F25: 5 | G25: 160 | H25: =F25/E3 -> 0.027027027 | I25: =(C25-F25)+D25 -> 90 | J25: =G25/F3 -> 0.047435517 | K25: 14400 | L25: =(F25/1000)*K25 -> 72 | M25: =(G25/1000)*K25 -> 2304 | N25: =L25/E3 -> 0.38918919 | O25: =M25/F3 -> 0.68307145
A26: 19 | B26: pH BOOSTER [3230] (L) | C26: 118.4 | F26: 5 | G26: 93 | H26: =F26/E3 -> 0.027027027 | I26: =(C26-F26)+D26 -> 113.4 | J26: =G26/F3 -> 0.027571894 | K26: 102000 | L26: =(F26/1000)*K26 -> 510 | M26: =(G26/1000)*K26 -> 9486 | N26: =L26/E3 -> 2.7567568 | O26: =M26/F3 -> 2.8123332
A27: 20 | B27: ANTI SCALEN [3220] (L) | C27: 65 | F27: 5 | G27: 120 | H27: =F27/E3 -> 0.027027027 | I27: =(C27-F27)+D27 -> 60 | J27: =G27/F3 -> 0.035576638 | K27: 107000 | L27: =(F27/1000)*K27 -> 535 | M27: =(G27/1000)*K27 -> 12840 | N27: =L27/E3 -> 2.8918919 | O27: =M27/F3 -> 3.8067003
A28: 21 | B28: OXYGEN SCAVANGER [3210] (L) | C28: 100 | F28: 3 | G28: 72 | H28: =F28/E3 -> 0.016216216 | I28: =(C28-F28)+D28 -> 97 | J28: =G28/F3 -> 0.021345983 | K28: 100000 | L28: =(F28/1000)*K28 -> 300 | M28: =(G28/1000)*K28 -> 7200 | N28: =L28/E3 -> 1.6216216 | O28: =M28/F3 -> 2.1345983
A29: 22 | B29: RO ANTI SCALEN [3291 (L) | C29: 41 | F29: 1 | G29: 24 | H29: =F29/E3 -> 0.0054054054 | I29: =(C29-F29)+D29 -> 40 | J29: =G29/F3 -> 0.0071153276 | K29: 255000 | L29: =(F29/1000)*K29 -> 255 | M29: =(G29/1000)*K29 -> 6120 | N29: =L29/E3 -> 1.3783784 | O29: =M29/F3 -> 1.8144085
A30: 23 | B30: CAUSTIC SODA FLAKES | C30: 480 | F30: 0 | G30: ='16-07-26'!G33+'17-07-26'!F30 -> 0 | H30: =F30/E3 -> 0 | I30: =(C30-F30)+D30 -> 480 | J30: =G30/F3 -> 0 | K30: 56000 | L30: =(F30/1000)*K30 -> 0 | M30: =(G30/1000)*K30 -> 0 | N30: =L30/F3 -> 0 | O30: =M30/F3 -> 0
A31: 24 | B31: DESCALING [3250] (L) | C31: 0 | F31: 0 | G31: ='16-07-26'!G34+'17-07-26'!F31 -> 0 | H31: =F31/E3 -> 0 | I31: =(C31-F31)+D31 -> 0 | J31: =G31/F3 -> 0 | K31: 90000 | L31: =(F31/1000)*K31 -> 0 | M31: =(G31/1000)*K31 -> 0 | N31: =L31/F3 -> 0 | O31: =M31/F3 -> 0
A32: S.NO. | B32: QUALITY WISE PRODUCTION | C32: NO. OF SET | D32: PM/C PRODUCTION (MT) | M32: TOTAL | N32: =SUM(N8,N9,N10,N11,N12,N13,N14,N15,N16,N17,N18,N19,N20,N21,N22,N23,N24,N25,N26,N27,N28,N29,N30,N31) -> 1562.8229 | O32: =SUM(O8,O9,O10,O11,O12,O13,O14,O15,O16,O17,O18,O19,O20,O21,O22,O23,O24,O25,O26,O27,O28,O29,O30,O31,) -> 1485.6359
A33: 1 | B33: 150 GSM/18 BF ( NATURAL) | C33: 34 | F33: 58 | N33: COSTING | O33: COSTING
A34: 2 | B34: 240 GSM/18 BF ( NATURAL) | C34: 34 | F34: 58 | N34: TODAY | O34: TO DATE
A35: 3 | B35: 200 GSM/18 BF ( NATURAL) | C35: 41 | F35: 69 | N35: (RS./Kg) | O35: (RS./Kg)
A36: 4 | M36: TOTAL | N36: =N32/1000 -> 1.5628229 | O36: =O32/1000 -> 1.4856359
A37: 5 | B37: TOTAL | C37: =SUM(C33:C36) -> 109 | F37: =SUM(F33:F36) -> 185

Sheet Sheet3
A1: SRI MK PAPER MILLS PVT. LTD.
A2: CHEMICAL CONSUMPTION / BALANCE & COSTING PER DAY & TODATE
A3: PRODUCTION ( MT ) | E3: 190 | F3: 3563 | G3: 142.520(AVG.) | I3: DATE : 25 - 07 - 2026
A4: PRODUCTION (MT) | C4: GOLDEN YELLOW | E4: 0 | F4: 464.5 | G4: 116.125(AVG)
A5: SR. | B5: CHEMICAL | C5: OPENING | D5: RECEIVED MATERIAL | F5: CONSUMED MATERIAL | H5: TODAY | I5: CHEMICAL | J5: TO DATE | K5: RATE | L5: TOTAL CONSUMED AMOUNT | N5: COSTING
A6: NO. | B6: NAME | C6: STOCK | D6: TO DAY | E6: TO DATE | F6: TO DAY | G6: TO DATE | H6: CONSUMPTION | I6: BALANCE | J6: CONSUMPTION | K6: RS.@ | L6: TODAY | M6: TO DATE | N6: TODAY | O6: TO DATE
C7: (Kgs.) | D7: (Kgs.) | E7: (Kgs.) | F7: (Kgs.) | G7: (Kgs.) | H7: (Kgs.)/MTP | I7: (Kgs.) | J7: (Kgs.)/MTP | K7: MT | L7: Rs. | M7: Rs. | N7: Rs./MTP | O7: Rs./MTP
A8: 1 | B8: STARCH | C8: 11100 | D8: 25000 | F8: 7100 | G8: 100400 | H8: =F8/E3 -> 37.368421 | I8: =(C8-F8)+D8 -> 29000 | J8: =G8/F3 -> 28.178501 | K8: 36000 | L8: =(F8/1000)*K8 -> 255600 | M8: =(G8/1000)*K8 -> 3614400 | N8: =L8/E3 -> 1345.2632 | O8: =M8/F3 -> 1014.426
A9: 2 | B9: PAC ( SOLID) | C9: 4131 | F9: 214 | G9: 5083 | H9: =F9/E3 -> 1.1263158 | I9: =(C9-F9)+D9 -> 3917 | J9: =G9/F3 -> 1.4266068 | K9: 33500 | L9: =(F9/1000)*K9 -> 7169 | M9: =(G9/1000)*K9 -> 170280.5 | N9: =L9/E3 -> 37.731579 | O9: =M9/F3 -> 47.791328
A10: 3 | B10: SURFACE SIZE (700C) | C10: 5399 | F10: 49 | G10: 1470 | H10: =F10/E3 -> 0.25789474 | I10: =(C10-F10)+D10 -> 5350 | J10: =G10/F3 -> 0.41257367 | K10: 98000 | L10: =(F10/1000)*K10 -> 4802 | M10: =(G10/1000)*K10 -> 144060 | N10: =L10/E3 -> 25.273684 | O10: =M10/F3 -> 40.43222
A11: 4 | B11: ENZYME (L) | C11: 19.93 | F11: 0.11 | G11: 1.66 | H11: =F11/E3 -> 0.00057894737 | I11: =(C11-F11)+D11 -> 19.82 | J11: =G11/F3 -> 0.00046589952 | K11: 750000 | L11: =(F11/1000)*K11 -> 82.5 | M11: =(G11/1000)*K11 -> 1245 | N11: =L11/E3 -> 0.43421053 | O11: =M11/F3 -> 0.34942464
A12: 5 | B12: RETENTION AID (2024) | C12: 1045 | E12: 1000 | F12: 30.9 | G12: 485.9 | H12: =F12/E3 -> 0.16263158 | I12: =(C12-F12)+D12 -> 1014.1 | J12: =G12/F3 -> 0.13637384 | K12: 350000 | L12: =(F12/1000)*K12 -> 10815 | M12: =(G12/1000)*K12 -> 170065 | N12: =L12/E3 -> 56.921053 | O12: =M12/F3 -> 47.730845
A13: 6 | B13: DEFOAMER (SE 100) | C13: 1341 | F13: 60 | G13: 1117 | H13: =F13/E3 -> 0.31578947 | I13: =(C13-F13)+D13 -> 1281 | J13: =G13/F3 -> 0.31349986 | K13: 204500 | L13: =(F13/1000)*K13 -> 12270 | M13: =(G13/1000)*K13 -> 228426.5 | N13: =L13/E3 -> 64.578947 | O13: =M13/F3 -> 64.110721
A14: 7 | B14: COAGULANT (CL 200) | C14: 3583 | E14: 3000 | F14: 54 | G14: 1221 | H14: =F14/E3 -> 0.28421053 | I14: =(C14-F14)+D14 -> 3529 | J14: =G14/F3 -> 0.34268875 | K14: 129500 | L14: =(F14/1000)*K14 -> 6993 | M14: =(G14/1000)*K14 -> 158119.5 | N14: =L14/E3 -> 36.805263 | O14: =M14/F3 -> 44.378193
A15: 8 | B15: KROFTA (303) | C15: 1042 | E15: 500 | F15: 20 | G15: 463 | H15: =F15/E3 -> 0.10526316 | I15: =(C15-F15)+D15 -> 1022 | J15: =G15/F3 -> 0.12994667 | K15: 219500 | L15: =(F15/1000)*K15 -> 4390 | M15: =(G15/1000)*K15 -> 101628.5 | N15: =L15/E3 -> 23.105263 | O15: =M15/F3 -> 28.523295
A16: 9 | B16: BELT PRESS (SUCHEM - 638 ) | C16: 20 | F16: 1 | G16: 1 | H16: =F16/E3 -> 0.0052631579 | I16: =(C16-F16)+D16 -> 19 | J16: =G16/F3 -> 0.00028066236 | K16: 348200 | L16: =(F16/1000)*K16 -> 348.2 | M16: =(G16/1000)*K16 -> 348.2 | N16: =L16/E3 -> 1.8326316 | O16: =M16/F3 -> 0.097726635
A17: 10 | B17: GOLDEN YELLOW DYE | C17: 2500 | F17: 0 | G17: ='16-07-26'!G20+'17-07-26'!F17 -> 1450 | H17: =F17/E3 -> 0 | I17: =(C17-F17)+D17 -> 2500 | J17: =G17/F3 -> 0.40696043 | K17: 172000 | L17: =(F17/1000)*K17 -> 0 | M17: =(G17/1000)*K17 -> 249400 | N17: =L17/E3 -> 0 | O17: =M17/F3 -> 69.997193
A18: 11 | B18: SE-BOND 102(CRACKING AGENT) | C18: 0 | F18: 0 | G18: ='16-07-26'!G21+'17-07-26'!F18 -> 0 | H18: =F18/E3 -> 0 | I18: =(C18-F18)+D18 -> 0 | J18: =G18/F3 -> 0 | K18: 200000 | L18: =(F18/1000)*K18 -> 0 | M18: =(G18/1000)*K18 -> 0 | N18: =L18/E3 -> 0 | O18: =M18/F3 -> 0
A19: 12 | B19: PROMASK 192 | C19: 258.7 | E19: 250 | F19: 9 | G19: 162.9 | H19: =F19/E3 -> 0.047368421 | I19: =(C19-F19)+D19 -> 249.7 | J19: =G19/F3 -> 0.045719899 | K19: 377600 | L19: =(F19/1000)*K19 -> 3398.4 | M19: =(G19/1000)*K19 -> 61511.04 | N19: =L19/E3 -> 17.886316 | O19: =M19/F3 -> 17.263834
A20: 13 | B20: PROSOLVE 126 | C20: 244.9 | E20: 200 | F20: 5 | G20: 94.6 | H20: =F20/E3 -> 0.026315789 | I20: =(C20-F20)+D20 -> 239.9 | J20: =G20/F3 -> 0.02655066 | K20: 271400 | L20: =(F20/1000)*K20 -> 1357 | M20: =(G20/1000)*K20 -> 25674.44 | N20: =L20/E3 -> 7.1421053 | O20: =M20/F3 -> 7.205849
A21: 14 | B21: PROSOLVE ADV. | C21: 3153.5 | E21: 2500 | F21: 69.1 | G21: 1354.8 | H21: =F21/E3 -> 0.36368421 | I21: =(C21-F21)+D21 -> 3084.4 | J21: =G21/F3 -> 0.38024137 | K21: 271400 | L21: =(F21/1000)*K21 -> 18753.74 | M21: =(G21/1000)*K21 -> 367692.72 | N21: =L21/E3 -> 98.703895 | O21: =M21/F3 -> 103.19751
A22: 15 | B22: BLEACHING POWDER (S) | C22: 68 | F22: 0 | G22: 32 | H22: =F22/E3 -> 0 | I22: =(C22-F22)+D22 -> 68 | J22: =G22/F3 -> 0.0089811956 | K22: 41000 | L22: =(F22/1000)*K22 -> 0 | M22: =(G22/1000)*K22 -> 1312 | N22: =L22/E3 -> 0 | O22: =M22/F3 -> 0.36822902
A23: 16 | B23: SODIUM HYPO CHLORIDE [HYPO] | C23: 230.8 | F23: 14.4 | G23: 219.2 | H23: =F23/E3 -> 0.075789474 | I23: =(C23-F23)+D23 -> 216.4 | J23: =G23/F3 -> 0.06152119 | K23: 24000 | L23: =(F23/1000)*K23 -> 345.6 | M23: =(G23/1000)*K23 -> 5260.8 | N23: =L23/E3 -> 1.8189474 | O23: =M23/F3 -> 1.4765086
A24: 17 | B24: HCL [PULP MILL] | C24: 380 | F24: 0 | G24: ='16-07-26'!G27+'17-07-26'!F24 -> 0 | H24: =F24/E3 -> 0 | I24: =(C24-F24)+D24 -> 380 | J24: =G24/F3 -> 0 | K24: 13210 | L24: =(F24/1000)*K24 -> 0 | M24: =(G24/1000)*K24 -> 0 | N24: =L24/E3 -> 0 | O24: =M24/F3 -> 0
A25: 18 | B25: HCL [BOILER] | C25: 90 | F25: 5 | G25: 165 | H25: =F25/E3 -> 0.026315789 | I25: =(C25-F25)+D25 -> 85 | J25: =G25/F3 -> 0.04630929 | K25: 14400 | L25: =(F25/1000)*K25 -> 72 | M25: =(G25/1000)*K25 -> 2376 | N25: =L25/E3 -> 0.37894737 | O25: =M25/F3 -> 0.66685377
A26: 19 | B26: pH BOOSTER [3230] (L) | C26: 113.4 | F26: 5 | G26: 98 | H26: =F26/E3 -> 0.026315789 | I26: =(C26-F26)+D26 -> 108.4 | J26: =G26/F3 -> 0.027504912 | K26: 102000 | L26: =(F26/1000)*K26 -> 510 | M26: =(G26/1000)*K26 -> 9996 | N26: =L26/E3 -> 2.6842105 | O26: =M26/F3 -> 2.805501
A27: 20 | B27: ANTI SCALEN [3220] (L) | C27: 60 | F27: 5 | G27: 125 | H27: =F27/E3 -> 0.026315789 | I27: =(C27-F27)+D27 -> 55 | J27: =G27/F3 -> 0.035082795 | K27: 107000 | L27: =(F27/1000)*K27 -> 535 | M27: =(G27/1000)*K27 -> 13375 | N27: =L27/E3 -> 2.8157895 | O27: =M27/F3 -> 3.7538591
A28: 21 | B28: OXYGEN SCAVANGER [3210] (L) | C28: 97 | F28: 3 | G28: 75 | H28: =F28/E3 -> 0.015789474 | I28: =(C28-F28)+D28 -> 94 | J28: =G28/F3 -> 0.021049677 | K28: 100000 | L28: =(F28/1000)*K28 -> 300 | M28: =(G28/1000)*K28 -> 7500 | N28: =L28/E3 -> 1.5789474 | O28: =M28/F3 -> 2.1049677
A29: 22 | B29: RO ANTI SCALEN [3291 (L) | C29: 40 | F29: 1 | G29: 25 | H29: =F29/E3 -> 0.0052631579 | I29: =(C29-F29)+D29 -> 39 | J29: =G29/F3 -> 0.0070165591 | K29: 255000 | L29: =(F29/1000)*K29 -> 255 | M29: =(G29/1000)*K29 -> 6375 | N29: =L29/E3 -> 1.3421053 | O29: =M29/F3 -> 1.7892226
A30: 23 | B30: CAUSTIC SODA FLAKES | C30: 480 | F30: 0 | G30: ='16-07-26'!G33+'17-07-26'!F30 -> 0 | H30: =F30/E3 -> 0 | I30: =(C30-F30)+D30 -> 480 | J30: =G30/F3 -> 0 | K30: 56000 | L30: =(F30/1000)*K30 -> 0 | M30: =(G30/1000)*K30 -> 0 | N30: =L30/F3 -> 0 | O30: =M30/F3 -> 0
A31: 24 | B31: DESCALING [3250] (L) | C31: 0 | F31: 0 | G31: ='16-07-26'!G34+'17-07-26'!F31 -> 0 | H31: =F31/E3 -> 0 | I31: =(C31-F31)+D31 -> 0 | J31: =G31/F3 -> 0 | K31: 90000 | L31: =(F31/1000)*K31 -> 0 | M31: =(G31/1000)*K31 -> 0 | N31: =L31/F3 -> 0 | O31: =M31/F3 -> 0
A32: S.NO. | B32: QUALITY WISE PRODUCTION | C32: NO. OF SET | D32: PM/C PRODUCTION (MT) | G32: S.NO. | H32: QUALITY WISE PRODUCTION | K32: NO. OF SET | L32: PM/C PROD. (MT) | M32: TOTAL | N32: =SUM(N8,N9,N10,N11,N12,N13,N14,N15,N16,N17,N18,N19,N20,N21,N22,N23,N24,N25,N26,N27,N28,N29,N30,N31) -> 1726.2971 | O32: =SUM(O8,O9,O10,O11,O12,O13,O14,O15,O16,O17,O18,O19,O20,O21,O22,O23,O24,O25,O26,O27,O28,O29,O30,O31,) -> 1498.4693
A33: 1 | B33: 200 GSM/18 BF ( NATURAL) | C33: 19 | F33: 33 | G33: 6 | H33: 150 GSM/22 BF ( NATURAL) | K33: 6 | L33: 10 | N33: COSTING | O33: COSTING
A34: 2 | B34: 180 GSM/18 BF ( NATURAL) | C34: 35 | F34: 60 | G34: 7 | H34: 150 GSM/24 BF ( NATURAL) | K34: 3 | L34: 5 | N34: TODAY | O34: TO DATE
A35: 3 | B35: 180 GSM/20 BF ( NATURAL) | C35: 21 | F35: 36 | G35: 8 | H35: 140 GSM/22 BF ( NATURAL) | K35: 4 | L35: 7 | N35: (RS./Kg) | O35: (RS./Kg)
A36: 4 | B36: 180 GSM/22 BF ( NATURAL) | C36: 11 | F36: 19 | G36: 9 | H36: 120 GSM/24 BF ( NATURAL) | K36: 6 | L36: 10 | M36: TOTAL | N36: =N32/1000 -> 1.7262971 | O36: =O32/1000 -> 1.4984693
A37: 5 | B37: 180 GSM/24 BF ( NATURAL) | C37: 4 | F37: 7 | G37: 10 | H37: 120 GSM/20 BF ( NATURAL) | K37: 2 | L37: 3
A38: 5 | B38: TOTAL | C38: =SUM(C33:C37,K33:K37) -> 111 | D38: =SUM(F33:F37,L33:L37) -> 190

Sheet Sheet4
A1: SRI MK PAPER MILLS PVT. LTD.
A2: CHEMICAL CONSUMPTION / BALANCE & COSTING PER DAY & TODATE
A3: PRODUCTION ( MT ) | E3: 152 | F3: 3715 | G3: 142.889(AVG.) | I3: DATE : 26 - 07 - 2026
A4: PRODUCTION (MT) | C4: GOLDEN YELLOW | E4: 0 | F4: 464.5 | G4: 116.125(AVG)
A5: SR. | B5: CHEMICAL | C5: OPENING | D5: RECEIVED MATERIAL | F5: CONSUMED MATERIAL | H5: TODAY | I5: CHEMICAL | J5: TO DATE | K5: RATE | L5: TOTAL CONSUMED AMOUNT | N5: COSTING
A6: NO. | B6: NAME | C6: STOCK | D6: TO DAY | E6: TO DATE | F6: TO DAY | G6: TO DATE | H6: CONSUMPTION | I6: BALANCE | J6: CONSUMPTION | K6: RS.@ | L6: TODAY | M6: TO DATE | N6: TODAY | O6: TO DATE
C7: (Kgs.) | D7: (Kgs.) | E7: (Kgs.) | F7: (Kgs.) | G7: (Kgs.) | H7: (Kgs.)/MTP | I7: (Kgs.) | J7: (Kgs.)/MTP | K7: MT | L7: Rs. | M7: Rs. | N7: Rs./MTP | O7: Rs./MTP
A8: 1 | B8: STARCH | C8: 29000 | F8: 5200 | G8: 105600 | H8: =F8/E3 -> 34.210526 | I8: =(C8-F8)+D8 -> 23800 | J8: =G8/F3 -> 28.425303 | K8: 36000 | L8: =(F8/1000)*K8 -> 187200 | M8: =(G8/1000)*K8 -> 3801600 | N8: =L8/E3 -> 1231.5789 | O8: =M8/F3 -> 1023.3109
A9: 2 | B9: PAC ( SOLID) | C9: 3917 | F9: 199 | G9: 5282 | H9: =F9/E3 -> 1.3092105 | I9: =(C9-F9)+D9 -> 3718 | J9: =G9/F3 -> 1.4218035 | K9: 33500 | L9: =(F9/1000)*K9 -> 6666.5 | M9: =(G9/1000)*K9 -> 176947 | N9: =L9/E3 -> 43.858553 | O9: =M9/F3 -> 47.630417
A10: 3 | B10: SURFACE SIZE (700C) | C10: 5350 | F10: 42 | G10: 1512 | H10: =F10/E3 -> 0.27631579 | I10: =(C10-F10)+D10 -> 5308 | J10: =G10/F3 -> 0.40699865 | K10: 98000 | L10: =(F10/1000)*K10 -> 4116 | M10: =(G10/1000)*K10 -> 148176 | N10: =L10/E3 -> 27.078947 | O10: =M10/F3 -> 39.885868
A11: 4 | B11: ENZYME (L) | C11: 19.82 | F11: 0.11 | G11: 1.77 | H11: =F11/E3 -> 0.00072368421 | I11: =(C11-F11)+D11 -> 19.71 | J11: =G11/F3 -> 0.00047644684 | K11: 750000 | L11: =(F11/1000)*K11 -> 82.5 | M11: =(G11/1000)*K11 -> 1327.5 | N11: =L11/E3 -> 0.54276316 | O11: =M11/F3 -> 0.35733513
A12: 5 | B12: RETENTION AID (2024) | C12: 1014.1 | E12: 1000 | F12: 22.1 | G12: 508.1 | H12: =F12/E3 -> 0.14539474 | I12: =(C12-F12)+D12 -> 992 | J12: =G12/F3 -> 0.13676985 | K12: 350000 | L12: =(F12/1000)*K12 -> 7735 | M12: =(G12/1000)*K12 -> 177835 | N12: =L12/E3 -> 50.888158 | O12: =M12/F3 -> 47.869448
A13: 6 | B13: DEFOAMER (SE 100) | C13: 1281 | F13: 30 | G13: 1147 | H13: =F13/E3 -> 0.19736842 | I13: =(C13-F13)+D13 -> 1251 | J13: =G13/F3 -> 0.30874832 | K13: 204500 | L13: =(F13/1000)*K13 -> 6135 | M13: =(G13/1000)*K13 -> 234561.5 | N13: =L13/E3 -> 40.361842 | O13: =M13/F3 -> 63.139031
A14: 7 | B14: COAGULANT (CL 200) | C14: 3529 | E14: 3000 | F14: 44 | G14: 1265 | H14: =F14/E3 -> 0.28947368 | I14: =(C14-F14)+D14 -> 3485 | J14: =G14/F3 -> 0.34051144 | K14: 129500 | L14: =(F14/1000)*K14 -> 5698 | M14: =(G14/1000)*K14 -> 163817.5 | N14: =L14/E3 -> 37.486842 | O14: =M14/F3 -> 44.096231
A15: 8 | B15: KROFTA (303) | C15: 1022 | E15: 500 | F15: 18 | G15: 481 | H15: =F15/E3 -> 0.11842105 | I15: =(C15-F15)+D15 -> 1004 | J15: =G15/F3 -> 0.1294751 | K15: 219500 | L15: =(F15/1000)*K15 -> 3951 | M15: =(G15/1000)*K15 -> 105579.5 | N15: =L15/E3 -> 25.993421 | O15: =M15/F3 -> 28.419785
A16: 9 | B16: BELT PRESS (SUCHEM - 638 ) | C16: 19 | F16: 0 | G16: 1 | H16: =F16/E3 -> 0 | I16: =(C16-F16)+D16 -> 19 | J16: =G16/F3 -> 0.000269179 | K16: 348200 | L16: =(F16/1000)*K16 -> 0 | M16: =(G16/1000)*K16 -> 348.2 | N16: =L16/E3 -> 0 | O16: =M16/F3 -> 0.093728129
A17: 10 | B17: GOLDEN YELLOW DYE | C17: 2500 | F17: 0 | G17: ='16-07-26'!G20+'17-07-26'!F17 -> 1450 | H17: =F17/E3 -> 0 | I17: =(C17-F17)+D17 -> 2500 | J17: =G17/F3 -> 0.39030956 | K17: 172000 | L17: =(F17/1000)*K17 -> 0 | M17: =(G17/1000)*K17 -> 249400 | N17: =L17/E3 -> 0 | O17: =M17/F3 -> 67.133244
A18: 11 | B18: SE-BOND 102(CRACKING AGENT) | C18: 0 | F18: 0 | G18: ='16-07-26'!G21+'17-07-26'!F18 -> 0 | H18: =F18/E3 -> 0 | I18: =(C18-F18)+D18 -> 0 | J18: =G18/F3 -> 0 | K18: 200000 | L18: =(F18/1000)*K18 -> 0 | M18: =(G18/1000)*K18 -> 0 | N18: =L18/E3 -> 0 | O18: =M18/F3 -> 0
A19: 12 | B19: PROMASK 192 | C19: 249.7 | E19: 250 | F19: 7.6 | G19: 170.5 | H19: =F19/E3 -> 0.05 | I19: =(C19-F19)+D19 -> 242.1 | J19: =G19/F3 -> 0.04589502 | K19: 377600 | L19: =(F19/1000)*K19 -> 2869.76 | M19: =(G19/1000)*K19 -> 64380.8 | N19: =L19/E3 -> 18.88 | O19: =M19/F3 -> 17.32996
A20: 13 | B20: PROSOLVE 126 | C20: 239.9 | E20: 200 | F20: 4.3 | G20: 98.9 | H20: =F20/E3 -> 0.028289474 | I20: =(C20-F20)+D20 -> 235.6 | J20: =G20/F3 -> 0.026621803 | K20: 271400 | L20: =(F20/1000)*K20 -> 1167.02 | M20: =(G20/1000)*K20 -> 26841.46 | N20: =L20/E3 -> 7.6777632 | O20: =M20/F3 -> 7.2251575
A21: 14 | B21: PROSOLVE ADV. | C21: 3084.4 | E21: 2500 | F21: 59 | G21: 1413.8 | H21: =F21/E3 -> 0.38815789 | I21: =(C21-F21)+D21 -> 3025.4 | J21: =G21/F3 -> 0.38056528 | K21: 271400 | L21: =(F21/1000)*K21 -> 16012.6 | M21: =(G21/1000)*K21 -> 383705.32 | N21: =L21/E3 -> 105.34605 | O21: =M21/F3 -> 103.28542
A22: 15 | B22: BLEACHING POWDER (S) | C22: 68 | F22: 3 | G22: 35 | H22: =F22/E3 -> 0.019736842 | I22: =(C22-F22)+D22 -> 65 | J22: =G22/F3 -> 0.0094212651 | K22: 41000 | L22: =(F22/1000)*K22 -> 123 | M22: =(G22/1000)*K22 -> 1435 | N22: =L22/E3 -> 0.80921053 | O22: =M22/F3 -> 0.38627187
A23: 16 | B23: SODIUM HYPO CHLORIDE [HYPO] | C23: 216.4 | F23: 14.4 | G23: 233.6 | H23: =F23/E3 -> 0.094736842 | I23: =(C23-F23)+D23 -> 202 | J23: =G23/F3 -> 0.062880215 | K23: 24000 | L23: =(F23/1000)*K23 -> 345.6 | M23: =(G23/1000)*K23 -> 5606.4 | N23: =L23/E3 -> 2.2736842 | O23: =M23/F3 -> 1.5091252
A24: 17 | B24: HCL [PULP MILL] | C24: 380 | F24: 0 | G24: ='16-07-26'!G27+'17-07-26'!F24 -> 0 | H24: =F24/E3 -> 0 | I24: =(C24-F24)+D24 -> 380 | J24: =G24/F3 -> 0 | K24: 13210 | L24: =(F24/1000)*K24 -> 0 | M24: =(G24/1000)*K24 -> 0 | N24: =L24/E3 -> 0 | O24: =M24/F3 -> 0
A25: 18 | B25: HCL [BOILER] | C25: 85 | F25: 5 | G25: 170 | H25: =F25/E3 -> 0.032894737 | I25: =(C25-F25)+D25 -> 80 | J25: =G25/F3 -> 0.045760431 | K25: 14400 | L25: =(F25/1000)*K25 -> 72 | M25: =(G25/1000)*K25 -> 2448 | N25: =L25/E3 -> 0.47368421 | O25: =M25/F3 -> 0.6589502
A26: 19 | B26: pH BOOSTER [3230] (L) | C26: 108.4 | F26: 3.5 | G26: 101.5 | H26: =F26/E3 -> 0.023026316 | I26: =(C26-F26)+D26 -> 104.9 | J26: =G26/F3 -> 0.027321669 | K26: 102000 | L26: =(F26/1000)*K26 -> 357 | M26: =(G26/1000)*K26 -> 10353 | N26: =L26/E3 -> 2.3486842 | O26: =M26/F3 -> 2.7868102
A27: 20 | B27: ANTI SCALEN [3220] (L) | C27: 55 | F27: 5 | G27: 130 | H27: =F27/E3 -> 0.032894737 | I27: =(C27-F27)+D27 -> 50 | J27: =G27/F3 -> 0.034993271 | K27: 107000 | L27: =(F27/1000)*K27 -> 535 | M27: =(G27/1000)*K27 -> 13910 | N27: =L27/E3 -> 3.5197368 | O27: =M27/F3 -> 3.7442799
A28: 21 | B28: OXYGEN SCAVANGER [3210] (L) | C28: 94 | F28: 3 | G28: 78 | H28: =F28/E3 -> 0.019736842 | I28: =(C28-F28)+D28 -> 91 | J28: =G28/F3 -> 0.020995962 | K28: 100000 | L28: =(F28/1000)*K28 -> 300 | M28: =(G28/1000)*K28 -> 7800 | N28: =L28/E3 -> 1.9736842 | O28: =M28/F3 -> 2.0995962
A29: 22 | B29: RO ANTI SCALEN [3291 (L) | C29: 39 | F29: 1 | G29: 26 | H29: =F29/E3 -> 0.0065789474 | I29: =(C29-F29)+D29 -> 38 | J29: =G29/F3 -> 0.0069986541 | K29: 255000 | L29: =(F29/1000)*K29 -> 255 | M29: =(G29/1000)*K29 -> 6630 | N29: =L29/E3 -> 1.6776316 | O29: =M29/F3 -> 1.7846568
A30: 23 | B30: CAUSTIC SODA FLAKES | C30: 480 | F30: 0 | G30: ='16-07-26'!G33+'17-07-26'!F30 -> 0 | H30: =F30/E3 -> 0 | I30: =(C30-F30)+D30 -> 480 | J30: =G30/F3 -> 0 | K30: 56000 | L30: =(F30/1000)*K30 -> 0 | M30: =(G30/1000)*K30 -> 0 | N30: =L30/F3 -> 0 | O30: =M30/F3 -> 0
A31: 24 | B31: DESCALING [3250] (L) | C31: 0 | F31: 0 | G31: ='16-07-26'!G34+'17-07-26'!F31 -> 0 | H31: =F31/E3 -> 0 | I31: =(C31-F31)+D31 -> 0 | J31: =G31/F3 -> 0 | K31: 90000 | L31: =(F31/1000)*K31 -> 0 | M31: =(G31/1000)*K31 -> 0 | N31: =L31/F3 -> 0 | O31: =M31/F3 -> 0
A32: S.NO. | B32: QUALITY WISE PRODUCTION | C32: NO. OF SET | D32: PM/C PRODUCTION (MT) | G32: S.NO. | H32: QUALITY WISE PRODUCTION | K32: NO. OF SET | L32: PM/C PROD. (MT) | M32: TOTAL | N32: =SUM(N8,N9,N10,N11,N12,N13,N14,N15,N16,N17,N18,N19,N20,N21,N22,N23,N24,N25,N26,N27,N28,N29,N30,N31) -> 1602.7696 | O32: =SUM(O8,O9,O10,O11,O12,O13,O14,O15,O16,O17,O18,O19,O20,O21,O22,O23,O24,O25,O26,O27,O28,O29,O30,O31,) -> 1502.7462
A33: 1 | B33: 120 GSM/20 BF ( NATURAL) | C33: 15 | F33: 26 | N33: COSTING | O33: COSTING
A34: 2 | B34: 140 GSM/20 BF ( NATURAL) | C34: 24 | F34: 41 | N34: TODAY | O34: TO DATE
A35: 3 | B35: 150 GSM/20 BF ( NATURAL) | C35: 49 | F35: 85 | N35: (RS./Kg) | O35: (RS./Kg)
M36: TOTAL | N36: =N32/1000 -> 1.6027696 | O36: =O32/1000 -> 1.5027462
A38: 4 | B38: TOTAL | C38: =SUM(C33:C37,K33:K37) -> 88 | D38: =SUM(F33:F37,L33:L37) -> 152

Sheet Sheet5
A1: SRI MK PAPER MILLS PVT. LTD.
A2: CHEMICAL CONSUMPTION / BALANCE & COSTING PER DAY & TODATE
A3: PRODUCTION ( MT ) | E3: 179 | F3: 3894 | G3: 144.222(AVG.) | I3: DATE : 27 - 07 - 2026
A4: PRODUCTION (MT) | C4: GOLDEN YELLOW | E4: 0 | F4: 464.5 | G4: 116.125(AVG)
A5: SR. | B5: CHEMICAL | C5: OPENING | D5: RECEIVED MATERIAL | F5: CONSUMED MATERIAL | H5: TODAY | I5: CHEMICAL | J5: TO DATE | K5: RATE | L5: TOTAL CONSUMED AMOUNT | N5: COSTING
A6: NO. | B6: NAME | C6: STOCK | D6: TO DAY | E6: TO DATE | F6: TO DAY | G6: TO DATE | H6: CONSUMPTION | I6: BALANCE | J6: CONSUMPTION | K6: RS.@ | L6: TODAY | M6: TO DATE | N6: TODAY | O6: TO DATE
C7: (Kgs.) | D7: (Kgs.) | E7: (Kgs.) | F7: (Kgs.) | G7: (Kgs.) | H7: (Kgs.)/MTP | I7: (Kgs.) | J7: (Kgs.)/MTP | K7: MT | L7: Rs. | M7: Rs. | N7: Rs./MTP | O7: Rs./MTP
A8: 1 | B8: STARCH | C8: 23800 | F8: 4250 | G8: 109850 | H8: =F8/E3 -> 23.743017 | I8: =(C8-F8)+D8 -> 19550 | J8: =G8/F3 -> 28.210067 | K8: 36000 | L8: =(F8/1000)*K8 -> 153000 | M8: =(G8/1000)*K8 -> 3954600 | N8: =L8/E3 -> 854.7486 | O8: =M8/F3 -> 1015.5624
A9: 2 | B9: PAC ( SOLID) | C9: 3718 | F9: 244 | G9: 5526 | H9: =F9/E3 -> 1.3631285 | I9: =(C9-F9)+D9 -> 3474 | J9: =G9/F3 -> 1.4191063 | K9: 33500 | L9: =(F9/1000)*K9 -> 8174 | M9: =(G9/1000)*K9 -> 185121 | N9: =L9/E3 -> 45.664804 | O9: =M9/F3 -> 47.540062
A10: 3 | B10: SURFACE SIZE (700C) | C10: 5308 | F10: 53 | G10: 1565 | H10: =F10/E3 -> 0.29608939 | I10: =(C10-F10)+D10 -> 5255 | J10: =G10/F3 -> 0.40190036 | K10: 98000 | L10: =(F10/1000)*K10 -> 5194 | M10: =(G10/1000)*K10 -> 153370 | N10: =L10/E3 -> 29.01676 | O10: =M10/F3 -> 39.386235
A11: 4 | B11: ENZYME (L) | C11: 19.71 | F11: 0.08 | G11: 1.85 | H11: =F11/E3 -> 0.00044692737 | I11: =(C11-F11)+D11 -> 19.63 | J11: =G11/F3 -> 0.00047508988 | K11: 750000 | L11: =(F11/1000)*K11 -> 60 | M11: =(G11/1000)*K11 -> 1387.5 | N11: =L11/E3 -> 0.33519553 | O11: =M11/F3 -> 0.35631741
A12: 5 | B12: RETENTION AID (2024) | C12: 992 | E12: 1000 | F12: 27.3 | G12: 535.3 | H12: =F12/E3 -> 0.15251397 | I12: =(C12-F12)+D12 -> 964.7 | J12: =G12/F3 -> 0.1374679 | K12: 350000 | L12: =(F12/1000)*K12 -> 9555 | M12: =(G12/1000)*K12 -> 187355 | N12: =L12/E3 -> 53.379888 | O12: =M12/F3 -> 48.113765
A13: 6 | B13: DEFOAMER (SE 100) | C13: 1251 | F13: 60 | G13: 1207 | H13: =F13/E3 -> 0.33519553 | I13: =(C13-F13)+D13 -> 1191 | J13: =G13/F3 -> 0.30996405 | K13: 204500 | L13: =(F13/1000)*K13 -> 12270 | M13: =(G13/1000)*K13 -> 246831.5 | N13: =L13/E3 -> 68.547486 | O13: =M13/F3 -> 63.387648
A14: 7 | B14: COAGULANT (CL 200) | C14: 3485 | E14: 3000 | F14: 54 | G14: 1319 | H14: =F14/E3 -> 0.30167598 | I14: =(C14-F14)+D14 -> 3431 | J14: =G14/F3 -> 0.33872625 | K14: 129500 | L14: =(F14/1000)*K14 -> 6993 | M14: =(G14/1000)*K14 -> 170810.5 | N14: =L14/E3 -> 39.067039 | O14: =M14/F3 -> 43.865049
A15: 8 | B15: KROFTA (303) | C15: 1004 | E15: 500 | F15: 17 | G15: 498 | H15: =F15/E3 -> 0.094972067 | I15: =(C15-F15)+D15 -> 987 | J15: =G15/F3 -> 0.12788906 | K15: 219500 | L15: =(F15/1000)*K15 -> 3731.5 | M15: =(G15/1000)*K15 -> 109311 | N15: =L15/E3 -> 20.846369 | O15: =M15/F3 -> 28.071649
A16: 9 | B16: BELT PRESS (SUCHEM - 638 ) | C16: 19 | F16: 0 | G16: 1 | H16: =F16/E3 -> 0 | I16: =(C16-F16)+D16 -> 19 | J16: =G16/F3 -> 0.00025680534 | K16: 348200 | L16: =(F16/1000)*K16 -> 0 | M16: =(G16/1000)*K16 -> 348.2 | N16: =L16/E3 -> 0 | O16: =M16/F3 -> 0.08941962
A17: 10 | B17: GOLDEN YELLOW DYE | C17: 2500 | F17: 0 | G17: ='16-07-26'!G20+'17-07-26'!F17 -> 1450 | H17: =F17/E3 -> 0 | I17: =(C17-F17)+D17 -> 2500 | J17: =G17/F3 -> 0.37236775 | K17: 172000 | L17: =(F17/1000)*K17 -> 0 | M17: =(G17/1000)*K17 -> 249400 | N17: =L17/E3 -> 0 | O17: =M17/F3 -> 64.047252
A18: 11 | B18: SE-BOND 102(CRACKING AGENT) | C18: 0 | F18: 0 | G18: ='16-07-26'!G21+'17-07-26'!F18 -> 0 | H18: =F18/E3 -> 0 | I18: =(C18-F18)+D18 -> 0 | J18: =G18/F3 -> 0 | K18: 200000 | L18: =(F18/1000)*K18 -> 0 | M18: =(G18/1000)*K18 -> 0 | N18: =L18/E3 -> 0 | O18: =M18/F3 -> 0
A19: 12 | B19: PROMASK 192 | C19: 242.1 | E19: 250 | F19: 9 | G19: 179.5 | H19: =F19/E3 -> 0.05027933 | I19: =(C19-F19)+D19 -> 233.1 | J19: =G19/F3 -> 0.046096559 | K19: 377600 | L19: =(F19/1000)*K19 -> 3398.4 | M19: =(G19/1000)*K19 -> 67779.2 | N19: =L19/E3 -> 18.985475 | O19: =M19/F3 -> 17.406061
A20: 13 | B20: PROSOLVE 126 | C20: 235.6 | E20: 200 | F20: 5 | G20: 103.5 | H20: =F20/E3 -> 0.027932961 | I20: =(C20-F20)+D20 -> 230.6 | J20: =G20/F3 -> 0.026579353 | K20: 271400 | L20: =(F20/1000)*K20 -> 1357 | M20: =(G20/1000)*K20 -> 28089.9 | N20: =L20/E3 -> 7.5810056 | O20: =M20/F3 -> 7.2136364
A21: 14 | B21: PROSOLVE ADV. | C21: 3025.4 | E21: 2500 | F21: 69.1 | G21: 1482.9 | H21: =F21/E3 -> 0.38603352 | I21: =(C21-F21)+D21 -> 2956.3 | J21: =G21/F3 -> 0.38081664 | K21: 271400 | L21: =(F21/1000)*K21 -> 18753.74 | M21: =(G21/1000)*K21 -> 402459.06 | N21: =L21/E3 -> 104.7695 | O21: =M21/F3 -> 103.35364
A22: 15 | B22: BLEACHING POWDER (S) | C22: 65 | F22: 0 | G22: 35 | H22: =F22/E3 -> 0 | I22: =(C22-F22)+D22 -> 65 | J22: =G22/F3 -> 0.008988187 | K22: 41000 | L22: =(F22/1000)*K22 -> 0 | M22: =(G22/1000)*K22 -> 1435 | N22: =L22/E3 -> 0 | O22: =M22/F3 -> 0.36851567
A23: 16 | B23: SODIUM HYPO CHLORIDE [HYPO] | C23: 202 | F23: 14.4 | G23: 248 | H23: =F23/E3 -> 0.080446927 | I23: =(C23-F23)+D23 -> 187.6 | J23: =G23/F3 -> 0.063687725 | K23: 24000 | L23: =(F23/1000)*K23 -> 345.6 | M23: =(G23/1000)*K23 -> 5952 | N23: =L23/E3 -> 1.9307263 | O23: =M23/F3 -> 1.5285054
